"","k__Bacteria;p__Actinobacteria;c__Actinobacteria;o__Bifidobacteriales;f__Bifidobacteriaceae;g__Bifidobacterium","k__Bacteria;p__Actinobacteria;c__Coriobacteriia;o__Coriobacteriales;f__Coriobacteriaceae;g__","k__Bacteria;p__Actinobacteria;c__Coriobacteriia;o__Coriobacteriales;f__Coriobacteriaceae;g__Adlercreutzia","k__Bacteria;p__Actinobacteria;c__Coriobacteriia;o__Coriobacteriales;f__Coriobacteriaceae;g__Collinsella","k__Bacteria;p__Actinobacteria;c__Coriobacteriia;o__Coriobacteriales;f__Coriobacteriaceae;g__Eggerthella","k__Bacteria;p__Bacteroidetes;c__Bacteroidia;o__Bacteroidales;f__Bacteroidaceae;g__Bacteroides","k__Bacteria;p__Bacteroidetes;c__Bacteroidia;o__Bacteroidales;f__Porphyromonadaceae;g__Parabacteroides","k__Bacteria;p__Bacteroidetes;c__Bacteroidia;o__Bacteroidales;f__Rikenellaceae;g__","k__Bacteria;p__Bacteroidetes;c__Bacteroidia;o__Bacteroidales;f__[Odoribacteraceae];g__Odoribacter","k__Bacteria;p__Firmicutes;c__Bacilli;o__Lactobacillales;f__Streptococcaceae;g__Streptococcus","k__Bacteria;p__Firmicutes;c__Bacilli;o__Turicibacterales;f__Turicibacteraceae;g__Turicibacter","k__Bacteria;p__Firmicutes;c__Clostridia;o__Clostridiales;Other;Other","k__Bacteria;p__Firmicutes;c__Clostridia;o__Clostridiales;f__;g__","k__Bacteria;p__Firmicutes;c__Clostridia;o__Clostridiales;f__Christensenellaceae;g__","k__Bacteria;p__Firmicutes;c__Clostridia;o__Clostridiales;f__Clostridiaceae;Other","k__Bacteria;p__Firmicutes;c__Clostridia;o__Clostridiales;f__Clostridiaceae;g__","k__Bacteria;p__Firmicutes;c__Clostridia;o__Clostridiales;f__Clostridiaceae;g__Clostridium","k__Bacteria;p__Firmicutes;c__Clostridia;o__Clostridiales;f__Lachnospiraceae;Other","k__Bacteria;p__Firmicutes;c__Clostridia;o__Clostridiales;f__Lachnospiraceae;g__","k__Bacteria;p__Firmicutes;c__Clostridia;o__Clostridiales;f__Lachnospiraceae;g__Anaerostipes","k__Bacteria;p__Firmicutes;c__Clostridia;o__Clostridiales;f__Lachnospiraceae;g__Blautia","k__Bacteria;p__Firmicutes;c__Clostridia;o__Clostridiales;f__Lachnospiraceae;g__Coprococcus","k__Bacteria;p__Firmicutes;c__Clostridia;o__Clostridiales;f__Lachnospiraceae;g__Dorea","k__Bacteria;p__Firmicutes;c__Clostridia;o__Clostridiales;f__Lachnospiraceae;g__Lachnospira","k__Bacteria;p__Firmicutes;c__Clostridia;o__Clostridiales;f__Lachnospiraceae;g__Roseburia","k__Bacteria;p__Firmicutes;c__Clostridia;o__Clostridiales;f__Lachnospiraceae;g__[Ruminococcus]","k__Bacteria;p__Firmicutes;c__Clostridia;o__Clostridiales;f__Peptostreptococcaceae;g__","k__Bacteria;p__Firmicutes;c__Clostridia;o__Clostridiales;f__Ruminococcaceae;g__","k__Bacteria;p__Firmicutes;c__Clostridia;o__Clostridiales;f__Ruminococcaceae;g__Faecalibacterium","k__Bacteria;p__Firmicutes;c__Clostridia;o__Clostridiales;f__Ruminococcaceae;g__Oscillospira","k__Bacteria;p__Firmicutes;c__Clostridia;o__Clostridiales;f__Ruminococcaceae;g__Ruminococcus","k__Bacteria;p__Firmicutes;c__Clostridia;o__Clostridiales;f__Veillonellaceae;g__Dialister","k__Bacteria;p__Firmicutes;c__Clostridia;o__Clostridiales;f__Veillonellaceae;g__Phascolarctobacterium","k__Bacteria;p__Firmicutes;c__Clostridia;o__Clostridiales;f__Veillonellaceae;g__Veillonella","k__Bacteria;p__Firmicutes;c__Clostridia;o__Clostridiales;f__[Mogibacteriaceae];g__","k__Bacteria;p__Firmicutes;c__Erysipelotrichi;o__Erysipelotrichales;f__Erysipelotrichaceae;Other","k__Bacteria;p__Firmicutes;c__Erysipelotrichi;o__Erysipelotrichales;f__Erysipelotrichaceae;g__","k__Bacteria;p__Firmicutes;c__Erysipelotrichi;o__Erysipelotrichales;f__Erysipelotrichaceae;g__Coprobacillus","k__Bacteria;p__Firmicutes;c__Erysipelotrichi;o__Erysipelotrichales;f__Erysipelotrichaceae;g__[Eubacterium]","k__Bacteria;p__Proteobacteria;c__Betaproteobacteria;o__Burkholderiales;f__Alcaligenaceae;g__Sutterella","k__Bacteria;p__Proteobacteria;c__Deltaproteobacteria;o__Desulfovibrionales;f__Desulfovibrionaceae;g__Bilophila","k__Bacteria;p__Proteobacteria;c__Gammaproteobacteria;o__Enterobacteriales;f__Enterobacteriaceae;g__","k__Bacteria;p__Proteobacteria;c__Gammaproteobacteria;o__Pasteurellales;f__Pasteurellaceae;g__Haemophilus","k__Bacteria;p__Bacteroidetes;c__Bacteroidia;o__Bacteroidales;f__Prevotellaceae;g__Prevotella","k__Bacteria;p__Bacteroidetes;c__Bacteroidia;o__Bacteroidales;f__[Odoribacteraceae];g__Butyricimonas"
"Control29",0.04337833314738369,0.00022313957380341404,0.0006917326787905836,0.003146267990628138,0.0006694187214102421,0.15291754992747963,0.003146267990628138,0.005288407899140913,0.0010710699542563875,0.006649559299341738,0.0019636282494700434,0.00017851165904273124,0.021510654914649114,0.0,0.009818141247350217,0.020528840789914092,0.0024545353118375544,0.04460560080330247,0.16382907508646657,0.007385919892893005,0.126274684815352,0.02035032913087136,0.014660269998884302,0.0073636059355126635,0.011313176391833091,0.022113131763918333,0.0004909070623675108,0.191699207854513,0.07189557067946001,0.004909070623675109,0.01017516456543568,0.009104094611179293,0.0,0.00013388374428204843,0.00046859310498716946,0.00013388374428204843,0.010286734352337387,0.0,0.0,0.006292535981256276,0.00011156978690170702,0.00011156978690170702,0.002655360928260627,0.0,0.0
"Control15",0.01694722042786032,0.0,0.0001899912604020215,0.02162100543375005,0.0011019493103317248,0.04350799863206292,0.0011779458144925334,0.013033400463578676,0.000759965041608086,0.0028498689060303226,0.003115856670593153,0.0004559790249648516,0.035262377930615194,0.000379982520804043,0.005015769274613367,0.014477334042634038,0.0,0.0362503324847057,0.11669263213892161,0.0019759091081810237,0.11437473876201695,0.02941064711023293,0.019227115552684578,0.03188053349545921,0.005547744803739028,0.04578789375688718,0.000379982520804043,0.23627313143595394,0.09442565641980469,0.013717369001025952,0.05011969449405328,0.01493331306759889,0.0,0.00015199300832161722,0.0035338374434776,0.0005699737812060646,0.0017479195956985978,0.0002279895124824258,0.0,0.018429152258996086,0.000759965041608086,0.0,0.003685830451799217,0.0,0.0
"Control28",0.015476364700717109,0.0,0.00043904580711254205,0.04277037904288014,0.0004024586565198302,0.0809673642616713,0.008707741841065418,0.0,0.0,0.007902824528025758,0.0017561832284501682,0.0007317430118542368,0.0026708619932679645,0.0002926972047416947,0.012512805502707449,0.017159373627981853,0.00032928435533440654,0.04258744328991658,0.14656812527440363,0.0,0.10412703058685789,0.02242792331333236,0.02941606907654032,0.013573832869896092,0.00398799941460559,0.14631201522025464,0.0008415044636323723,0.08305283184545588,0.11104200204888043,0.004683155275867115,0.0008049173130396604,0.0016830089272647445,0.0200863456753988,0.0005488072588906776,0.0001829357529635592,0.0,0.027659885848090152,0.0002926972047416947,0.0021586418849699985,0.007244255817356944,0.0009512659154105078,0.03673349919508269,0.0009146787648177959,0.0,0.0
"Control3",0.14113196566273825,0.01037877685629759,0.0009699791454483729,0.08550366167127407,0.0,0.01251273097628401,0.0036374217954313983,0.0030554343081623746,0.00014549687181725592,0.0009214801881759542,0.00048498957272418645,0.0007759833163586983,0.04330956884426985,0.027789902517095882,0.03331878364615161,0.01532567049808429,0.0,0.05456132693147097,0.05199088219603278,0.00019399582908967457,0.18322906057519764,0.026334933798923325,0.00785683107813182,0.001503467675444978,0.00465589989815219,0.006353363402686842,0.0027644405645278628,0.20102817789417526,0.0106697705999321,0.01605315485717057,0.024879965080750764,0.0,0.0007759833163586983,0.0,0.007565837334497308,0.0,0.000533488529996605,0.0,0.019157088122605363,0.0,0.0006304864445414424,0.0,0.0,0.0,0.0
"Control27",0.04164757257999299,0.0025878103350675257,0.00013478178828476697,0.016578159959026336,0.0,0.06566568725233847,0.0019678141089575977,0.00301911205757878,0.00013478178828476697,0.003369544707119174,0.0036121519260317544,0.0,0.037873682508019514,0.0019408577513006444,0.00301911205757878,0.001024341590964229,0.001994770466614551,0.05930398684529746,0.20368223845593983,0.0,0.10583066016119902,0.03965280211337844,0.018006846914844866,0.007197347494406555,0.0070625657061217885,0.03714586085128178,0.0003234762918834407,0.18740059843114,0.05712052187508424,0.006253874976413187,0.06822654122974904,0.00018869450359867374,0.0062269186187562334,0.0,0.00159042510176025,0.0,0.0,0.0,0.0052564897431059115,0.004959969808879424,0.0,0.0,0.0,0.0,0.0
"Control18",0.061723830444333286,0.0029796211313860674,0.0001739924748254638,0.03157963418082168,0.0,0.04071423910915853,0.004850040235759803,0.00745992735814176,0.0002609887122381957,0.0025011418256160422,0.0020009134604928335,0.00021749059353182976,0.06333326083646883,0.035211727092803236,0.011635746753952892,0.010809282498531938,0.000826464255420953,0.02448944083168403,0.11403031818873834,0.0002392396528850127,0.06900976532764957,0.014115139520215751,0.011505252397833794,0.009765327649579155,0.013549663977032993,0.01272319972161204,0.0009134604928336849,0.28330324713456145,0.0523717349224646,0.008960612453511386,0.07418604145370712,0.0,0.004067074099045216,0.00015224341547228083,0.0011744492050718806,0.0,0.003588594793275191,0.0,0.022271036777659365,0.0028708758346201527,0.0004349811870636595,0.0,0.0,0.0,0.0
"Control5",0.03289060613378411,0.05356194156000966,0.00021733880705143685,0.006206230379135475,0.0,0.007824197053851727,0.0021250905578362716,0.009828543829992755,0.0001207437816952427,0.000676165177493359,0.005795701521371649,0.00041052885776382515,0.043829992755373096,0.02132335184737986,0.05201642115431055,0.0636319729533929,0.0005312726394590679,0.03071721806326974,0.03602994445786042,0.00021733880705143685,0.07865249939628109,0.06498430330837962,0.007123883120019319,0.006254527891813572,0.017942525959913063,0.01603477420912823,0.0020767930451581745,0.3101907751750785,0.012291716976575707,0.04940835546969331,0.032166143443612655,0.017918377203574015,0.0,0.0,0.010649601545520406,0.00026563631972953395,0.0018353054817676889,0.0,0.00016904129437333976,0.0033083796184496497,0.0005312726394590679,0.0,0.0002414875633904854,0.0,0.0
"Control7",0.025496179901737984,0.0003679414756617536,0.00017314892972317814,0.017726121680410364,0.0003679414756617536,0.0856221457481116,0.004263792394433262,0.0005194467891695344,0.0,0.003051749886371015,0.0038525636863407137,0.0001947925459385754,0.009393329437482414,0.0,0.0006493084864619181,0.005302685972772331,0.0003895850918771508,0.08150985866718612,0.3773564487154514,0.0,0.15408090383741316,0.01792091422634894,0.015237105815639676,0.017466398285825597,0.006060212540311236,0.01077852087526784,0.0,0.07246282708915006,0.02084280241542757,0.004068999848494686,0.023656472523429214,0.0,0.004696664718741207,0.00015150531350778087,0.0,0.0,0.027530679825985324,0.0,0.0,0.007423760361881263,0.0,0.001212042508062247,0.00017314892972317814,0.0,0.0
"Control26",0.08172842785673175,0.0002656395271616417,0.0,0.029043254969672822,0.0002656395271616417,0.06609996900872184,0.023110638863062825,0.01283924381281268,0.0,0.0030105813078319388,0.0,0.00013281976358082084,0.015495639084429096,0.00022136627263470138,0.0050028777615442515,0.002700668526143357,0.004958604507017311,0.003364767344047461,0.1456590073936335,0.0,0.21605348209146855,0.04161685925532386,0.002744941780670297,0.017310842520033648,0.004383052198167087,0.0225350865542126,0.000487005799796343,0.1795280471067428,0.040864213928365874,0.009297383450657459,0.056404126267321913,0.008544738123699474,0.0,0.0,0.0005312790543232833,0.00013281976358082084,0.0010625581086465667,0.00030991278168858194,0.0007083720724310444,0.003054854562358879,0.0005312790543232833,0.0,0.0,0.0,0.0
"Control4",0.051140567852688106,0.0,0.0,0.0,0.0017547197733663136,0.05703896323544957,0.0,0.0,0.0,0.00019027081879875688,0.0,0.0,0.0006553772647512738,0.0,0.0,0.006828608274666498,0.0,0.02539058370858967,0.11631889389230672,0.0,0.26517409779920087,0.00606752499947147,0.01606731358745058,0.043487452696560326,0.043741147121625336,0.02921714128665356,0.0,0.2500792795078328,0.0,0.004228240417750153,0.01769518614828439,0.002262108623496332,0.0,0.0001268472125325046,0.0,0.0004439652438637661,0.054163759751379464,0.0011204837107037905,0.005179594511743938,0.0,0.0,0.001627872560833809,0.0,0.0,0.0
"Control9",0.03622288999216096,0.0,0.000424614580611445,0.005291350927619546,0.0,0.1792853409981709,0.005193362947478443,0.005422001567807682,0.0007512411810817873,0.00718578521034753,0.0002286386203292396,6.532532009406845e-05,0.030376273843741836,0.0,0.0008165665011758557,0.001535145022210609,0.0,0.013848967859942513,0.045956362686177164,0.0,0.25437679644630257,0.02648941729814476,0.017245884504834073,0.037725372354324535,0.04295139796185001,0.0029069767441860465,0.0,0.17160961588711784,0.05474261823882937,0.0036582179252678338,0.012346485497778939,0.0,0.004474784426443689,0.0,0.0009798798014110269,0.0005879278808466162,0.028677815521296054,0.00016331330023517114,0.0002286386203292396,0.007577737130911941,0.0001306506401881369,0.00035928926051737655,0.00016331330023517114,0.0,0.0
"Control19",0.09192872117400419,0.0,0.0,0.0,0.0009643605870020964,0.11150943396226415,0.0016561844863731657,0.0005450733752620545,0.0003773584905660377,0.003941299790356394,0.0008176100628930818,2.0964360587002095e-05,0.0003354297693920335,0.0,0.006918238993710692,0.0067085953878406705,0.0024947589098532493,0.03844863731656185,0.2460587002096436,0.0,0.12205450733752621,0.0279874213836478,0.019664570230607966,0.055220125786163525,0.0259958071278826,0.05991614255765199,0.0005660377358490566,0.13303983228511532,0.00970649895178197,0.003249475890985325,0.0029140461215932914,0.005932914046121594,0.0,0.00012578616352201257,0.0,0.0004612159329140461,0.008616352201257862,0.00014675052410901467,0.002012578616352201,0.009014675052410902,0.00016771488469601676,0.0,0.0004821802935010482,0.0,0.0
"Control13",0.04249058752807922,0.0,0.0,0.0,0.0019299522257727718,0.25690511595532634,0.010061062422881007,0.0036384345239978484,0.0,0.0007276869047995698,0.0,0.0,0.003986458695858512,0.0,0.0,0.0036067959629196063,0.0,0.0006644097826430854,0.0577087354067137,0.0,0.3367924826778878,0.00556838674977062,0.016768437371468346,0.0,0.0,0.05153921599645648,0.0,0.15778150409719366,0.009048628468377258,0.0057898566773183155,0.0016135666149903502,0.002879109058120037,0.0,0.009871231056411554,0.0,0.0006960483437213276,0.004334482867719176,0.009333375518081439,0.005694940994083589,0.0,0.0,0.0005694940994083589,0.0,0.0,0.0
"Control16",0.009215376513954713,0.002779240535954596,0.00038031712597273417,0.004007957404481891,0.0,0.05947574746942835,0.005851032707272834,0.011672810251009302,0.003627640278509157,0.0028670060265636884,0.0019600959569363993,2.925516353636417e-05,0.062372008659528404,0.004827101983500088,0.0032180679890000583,0.0031888128254636944,0.004476040021063717,0.012053127376982038,0.057310865367737406,0.0020186062840091275,0.03911415364811889,0.036188637294482476,0.009127611023345621,0.03841202972324615,0.034550348136446085,0.008249956117254695,0.00020478614475454918,0.42338072669826227,0.053302907963255514,0.030366859750746007,0.04233222163711895,0.01854777368205488,0.0021648821016909485,0.0007313790884091042,0.0008483997425545609,0.0,0.00421274354923644,0.0008483997425545609,0.0005851032707272834,0.002779240535954596,0.00105318588730911,0.0016675443215727575,0.0,0.0,0.0
"Control6",0.017233715164985466,0.003898102239699094,0.0016413062061890922,0.009027184134040007,0.00013677551718242436,0.049512737220037614,0.0020174388784407592,0.008514275944605916,0.0005471020687296974,0.0011283980167550009,0.0002393571550692426,0.0,0.053957941528466405,0.035937767139682,0.0012993674132330312,0.002632928705761669,0.0,0.011933663874166524,0.059018635664216106,0.0029748674987177294,0.055154727303812615,0.02427765429988032,0.00971106171995213,0.008069755513763037,0.0006838775859121217,0.007932979996580613,0.00013677551718242436,0.4634980338519405,0.008548469823901521,0.013335612925286374,0.1162933834843563,0.0018122756026671225,0.0043768165498375795,0.0,0.0030090613780133354,0.0005129081894340913,0.013609163959651222,0.001538724568302274,0.00013677551718242436,0.0025645409471704564,0.00157291844759788,0.00157291844759788,0.0,0.0,0.0
"Control22",0.03169221285061787,0.0,0.0,0.0,0.0005884495754756634,0.14643988006837225,0.0,0.0,0.0,0.06688710174573374,0.0014571132345111665,0.0,0.009723428699526438,0.0,0.008938829265558886,0.014374982486619777,0.003110376327514221,0.0056603244879087624,0.12864628576232243,0.012441505310056883,0.18255947543923556,0.009975621374730294,8.406422506795192e-05,0.009387171799254631,0.008098187014879368,0.16019839157116036,0.0003642783086277916,0.004595510970381371,0.1548743239835234,0.00044834253369574353,0.0003922997169837756,0.014543110936755681,0.0,0.010255835458290133,0.0,0.0003922997169837756,0.0027180766105304455,0.0,0.00022417126684787177,0.007201501947487881,0.0,0.0009247064757474711,0.002802140835598397,0.0,0.0
"Control11",0.015230136801671271,0.0,0.0004717299009367208,0.0,0.0002695599433924119,0.42785902014960575,0.01293887728283577,0.014825796886582653,0.005323808882000135,0.0,0.0002695599433924119,0.0,0.0005391198867848238,0.0,0.004110789136734281,0.002628209448076016,0.0,0.013477997169620594,0.0927960105128378,0.0,0.05788799784352045,0.025675584608127234,0.006199878698025473,0.004515129051822899,0.017723566278051082,0.030932003504279264,0.00033694992924051485,0.030460273603342542,0.13525170159714267,0.012804097311139564,0.010849787721544579,0.0,0.008221578273468562,0.0,0.0,0.0011456297594177505,0.015499696745063683,0.0008086798301772356,0.002560819462227913,0.02628209448076016,0.0,0.021901745400633464,0.0002021699575443089,0.0,0.0
"Control32",0.0,0.0,0.0,0.0,0.00031791448100460976,0.315172468605945,0.02893021777141949,0.02082339850580194,0.0,0.0,0.0,0.0,0.012438404069305357,0.0004768717215069146,0.0,0.0005563503417580671,0.0,0.007272293752980448,0.05992687966936894,0.001271657924018439,0.02785725639802893,0.013272929581942457,0.002861230329041488,0.00011921793037672866,0.0,0.007272293752980448,0.0,0.134000953743443,0.3171594341122238,0.02269114608170402,0.004252106183436656,0.0,0.01661103163249086,0.0,0.0,0.0,0.000357653791130186,0.00015895724050230488,0.0019074868860276585,0.0,0.0020664441265299633,0.0022254013670322684,0.0,0.0,0.0
"Control10",0.0005339699092251155,0.0012878097810723372,0.004271759273800924,0.0009108898451487263,0.0,0.4328611364136068,0.024625435813675912,0.01828061689229513,0.0,0.011181958099067123,0.00069101988252662,0.0,0.001005119829129629,0.00018845996796180544,0.007695448691773722,0.021295976379684015,0.0,0.0025127995728240725,0.02603888557338945,0.00021986996262210635,0.26927788422275967,0.012595407858780664,0.011433238056349531,0.00018845996796180544,0.0,0.04202657285548261,0.0007224298771869209,0.006439048905361686,0.0002826899519427082,0.018783176806859942,0.003078179476709489,0.0,0.02321198605396237,0.00025127995728240724,0.001696139711656249,0.00021986996262210635,0.004742909193705437,0.0008480698558281245,0.010428118227219901,0.03634136382196815,0.0028268995194270815,0.0,0.001005119829129629,0.0,0.0
"Control17",0.01623980363474078,0.001314060446780552,0.00039669749336771376,0.012644732601095877,0.0,0.19339002801676047,0.008429821734063918,0.016735675501450425,0.0016611707534773014,0.0,0.0,0.0,0.04966156745097067,0.0058512880271737785,0.00012396796667741056,0.0015124091934644087,0.003074405573599782,0.008603376887412292,0.09644707807502541,0.0007933949867354275,0.04705824015074505,0.03225646492946223,0.007487665187315598,0.015446408648005356,0.012272828701063646,0.017553864081521334,0.0,0.25631616790221406,0.059950908685195745,0.020529095281779187,0.09203381846130959,0.0,0.006942206133934991,0.0,0.002429772146877247,0.00014876156001289266,0.006966999727270474,0.0,0.0,0.005454590533806065,0.0002727295266903032,0.0,0.0,0.0,0.0
"Control20",0.03779110305396737,0.000209175847162181,0.0006972528238739367,0.0,0.00034862641193696836,0.08513456979500766,0.0029749453818621297,0.0121089573746107,0.0,0.004020824617673035,0.008343792125691443,0.0004880769767117557,0.029098684516338957,0.000209175847162181,0.016385441361037513,0.022660716775902943,0.0005810440198949472,0.050713522056430996,0.2379723887881746,0.004090549900060429,0.15620787430855762,0.016571375447403894,0.02003439780597778,0.0032538465114117046,0.003927857574489844,0.019197694417329058,0.001278296843768884,0.11613907869660206,0.07785989866592292,0.005926649002928462,0.036001487472690934,0.004741319202342769,0.0005345604983033515,0.0003951099335285641,0.0016269232557058523,0.00011620880397898944,0.007553572258634314,0.0001859340863663831,0.0,0.010226374750151071,0.0006042857806907451,0.0011853298005856923,0.0026030772091293636,0.0,0.0
"Control24",0.0068240155262004635,0.00025042258811744817,0.0,0.013209791523195392,0.0,0.11175107994741125,0.02040944093157203,0.03549740186564828,0.0015651411757340512,0.005071057409378326,0.0,6.260564702936204e-05,0.015150566581105616,0.0003756338821761723,0.001439929881675327,0.002566831528203844,0.0015025355287046891,0.0103925374068741,0.0815125524322294,0.0007512677643523446,0.014712327051900082,0.04682902397796281,0.001252112940587241,0.03180366869091592,0.056470293620484564,0.001252112940587241,0.0,0.26732611281537594,0.19288799849746446,0.030614161397358043,0.01652789081575158,0.0003756338821761723,0.0015651411757340512,0.002379014587115758,0.0,0.001314718587616603,0.0,0.0,0.00018781694108808614,0.009516058348463032,0.0024416202341451198,0.010142114818756652,0.004069367056908533,0.0,0.0
"Control31",0.09704483514134558,0.0028856944370223908,0.0005076684657724577,0.007882220915940789,0.0,0.028803505584353125,0.004408699834339763,0.001843638112542083,0.0008283011809971677,0.00024047453641853257,0.0004007908940308876,0.0,0.01905092716293486,0.0007748623951263828,0.0010687757174157003,0.015123176401432159,0.001362689039705018,0.026478918398973976,0.12998984663068455,0.004408699834339763,0.07267674878426762,0.047106289745096994,0.011997007427991237,0.005851547052850959,0.00024047453641853257,0.02268476460214824,0.0,0.17063004328541656,0.10527440816544648,0.0153369315449153,0.12208090632180837,0.0,0.007187516699620584,0.0,0.0021642708277667933,0.0,0.012878747394859188,0.0,0.05643135787954898,0.004194944690856624,0.00016031635761235504,0.0,0.0,0.0,0.0
"Control1",0.00870308493278421,0.0,0.00046623669282772556,0.0100240888957961,0.0,0.18206542854922683,0.010412619473152538,0.003030538503380216,0.0006993550392415883,0.0,0.006527313699588157,0.0,0.013443157976532753,0.0,0.025332193643639755,0.010878856165980264,0.0008547672701841635,0.013753982438417904,0.05812417437252312,0.0,0.055870697023855775,0.01740616986556842,0.015385810863314944,0.019892765560649624,0.003963011889035667,0.009324733856554511,0.002875126272437641,0.2637345559095501,0.12075530344238092,0.012976921283705027,0.007926023778071334,0.00046623669282772556,0.02680860983759422,0.0009324733856554511,0.0,0.0,0.006682725930530733,0.0,0.017561582096510996,0.05058668117180822,0.0007770611547128759,0.001709534540368327,0.0200481777915922,0.0,0.0
"Control8",0.04986987039617235,0.0006309314124976998,0.0006046426036436289,0.00993716974683877,0.0,0.06430242645705724,0.004285075843213544,0.007912931465075317,0.0003154657062488499,0.007019111964036909,0.000289176897394779,2.6288808854070822e-05,0.03782959594100791,0.00021031047083256658,0.011540787086937091,0.00896448381923815,0.0035752780041536317,0.017061436946291964,0.15426273035568758,0.0028129025473855778,0.07952364678356423,0.030863061594679143,0.010988722101001604,0.013512447750992402,0.026893451457714452,0.01990062830253161,0.0012618628249953996,0.17808039117747576,0.07912931465075318,0.004994873682273456,0.12660690344120507,0.008438707642156734,0.0,0.0,0.0017613501932227452,0.0002365992796866374,0.019006808801493205,0.0,0.0006309314124976998,0.008070664318199743,0.0,0.008386130024448593,0.0002628880885407082,0.0,0.0
"ADHD5",0.0,0.00014277555682467162,0.00042832667047401483,0.0,0.00528269560251285,0.3738577955454026,0.053754997144488864,0.006210736721873215,0.004782981153626499,0.00028555111364934324,0.0,0.0,0.008209594517418617,0.0,0.0007138777841233581,0.0065676756139348945,0.001070816676185037,0.011707595659623073,0.13063963449457452,0.0005711022272986865,0.06389206167904055,0.028126784694460307,0.0016419189034837236,0.034337521416333526,0.0007138777841233581,0.029911479154768703,0.0,0.08245288406624786,0.005211307824100514,0.03969160479725871,0.02091661907481439,0.0,0.023486579097658482,0.0,0.0,0.0,0.001142204454597373,0.0036407766990291263,0.0009994288977727014,0.05653912050256996,0.0,0.0019988577955454027,0.0,0.001070816676185037,0.0
"Control14",0.013570873438153884,0.0,0.0,0.0045435523405272914,0.0,0.3428588509595265,0.04262569498415735,0.017277455610689305,0.0019728582531236922,0.0004782686674239254,0.00269026125425958,0.0,0.0014348060022717761,0.0,0.0011358880851318229,0.003108746338255515,0.0014945895856997668,0.002032641836551683,0.06881090452561726,0.0,0.03814192622705805,0.012674119686734023,0.014646977939857714,0.01608178394212949,0.035033179888802536,0.028277634961439587,0.00041848508399593474,0.09571351706821307,0.13182280145871944,0.030549411131703234,0.003108746338255515,0.0015543731691277575,0.0,0.0067555449273629465,0.0,0.0018532910862677108,0.0010761045017038322,0.0002989179171399534,0.0007771865845638788,0.06641956118849764,0.0020924254199796736,0.0041250672565313565,0.0045435523405272914,0.0,0.0
"Control30",0.0037368654728429777,0.0,0.0005179813526713039,0.00025899067633565194,0.0,0.42152582507029746,0.015539440580139115,0.013245523161166199,0.0001479946721918011,0.0009249667011987569,0.0,3.699866804795027e-05,0.008028710966405209,0.0,0.00033298801243155247,0.0001479946721918011,0.0009249667011987569,0.00540180553500074,0.07292437472251,0.0019239307384934143,0.05975284889743969,0.009027675003699867,0.005734793547432292,0.018129347343495635,0.014984460559419861,0.009138671007843718,0.0,0.18292141482906615,0.11040402545508361,0.01095160574219328,0.02020127275418085,0.002182921414829066,0.0,0.0,0.0,0.0005919786887672044,0.0011469587094864585,0.000813970697054906,0.0005179813526713039,0.0035888708006511765,0.004291845493562232,0.0,0.0,0.0,0.0
"Control12",0.008292643007174227,0.0014730352710112114,0.0,0.006383152841048583,0.0,0.386044354728716,0.0316975367576857,0.04244523854987861,0.0,0.0003000627403911727,0.0,2.7278430944652063e-05,0.035762022968438854,0.0,0.00024550587850186856,0.00027278430944652064,0.0015821489947898198,0.005101066586649936,0.06661392836684034,0.0003000627403911727,0.05709375596715677,0.016230666412067978,0.0011456940996753867,0.01453940369349955,0.009820235140074744,0.003027905834856379,0.0,0.09492893968738918,0.14877656237213235,0.009356501814015658,0.012138901770370168,0.0,0.007256062631277449,0.00016367058566791237,0.0,0.0003000627403911727,0.0014730352710112114,0.0,0.00016367058566791237,0.029433426989279577,0.0027551215254098585,0.00016367058566791237,0.004691890122480155,0.0,0.0
"ADHD21",0.00270459539735819,0.00014488903914418875,0.00024148173190698124,0.002921928956074473,0.0002897780782883775,0.2741542102339958,0.015913646132670062,0.09939388085291348,0.005771413392576852,0.000579556156576755,0.0,0.0,0.013160754388930477,0.009997343700949023,0.0014247422182511894,0.0017145202965395667,0.0008693342348651325,0.011084011494530439,0.09736543430489483,0.0032117070343628505,0.0502040520634614,0.012846828137451402,0.004346671174325662,0.015478979015237497,0.0012315568327256044,0.02458284030813069,0.00016903721233488687,0.16258965009297047,0.02274757914563763,0.015285793629711912,0.12030619883605805,0.004032744922846587,0.0,0.0,0.0010142232740093212,0.0006761488493395475,0.00012074086595349062,0.0008210378884837362,0.0008693342348651325,0.015165052763758421,0.002173335587162831,0.0008451860616744344,0.0,0.0,0.003549781459032624
"ADHD4",0.009889809047977552,0.0008212990212853329,0.0,0.002429676271302443,0.0,0.004174936691533776,0.0015741564574635548,0.003114092122373554,0.0001711039627677777,0.00041064951064266646,0.0003422079255355554,0.0,0.017623708165081103,0.0012319485319279995,0.000889740606392444,0.00574909314899733,0.0,0.013175005133118882,0.03849839162274998,0.0,0.014749161590582437,0.030045855862021763,0.005304222845801109,0.0035931832181233317,0.006193963452193553,0.0038327287659982207,0.0,0.1777427965231675,0.033057285606734654,0.010882212032030662,0.017589487372527548,0.004106495106426665,0.0,0.0,0.002292793101088221,0.0,0.0,0.0,0.003627404010676887,0.002155909930873999,0.0009239613989459996,0.0023270138936417766,0.0,0.5804873040859626,0.0009924029840531106
"ADHD15",0.022516315228413197,0.0016900236603312447,0.0038740542367593144,0.023920334884688386,0.0,0.06861496060944854,0.005850081901146616,0.012298172174410442,0.0002860040040560568,0.00031200436806115285,0.0010140141961987469,2.6000364005096073e-05,0.01079015106211487,0.0020540287564025897,0.00569407971711604,0.013052182730558227,0.0012740178362497074,0.0145602038428538,0.1045734640284964,0.002938041132575856,0.05041470580588128,0.011700163802293231,0.008632120849691895,0.012740178362497075,0.01973427627986792,0.005018070252983542,0.000702009828137594,0.4339980759730636,0.054704765866722134,0.02009828137593926,0.05467876550271704,0.018824263539689554,0.0,0.0,0.001820025480356725,0.0012220171082395154,0.0005200072801019214,0.0008840123761732665,0.0002600036400509607,0.005122071709003926,0.0027040378565299913,0.0002600036400509607,0.0,0.0,0.0006240087361223057
"Control2",0.0029924855363199078,0.0,0.0,0.007957794870658124,0.0026156540243388823,0.1936248974796622,0.011194112561789284,0.008112960787356195,0.0,0.003613149203112185,0.0,8.866623811318246e-05,0.011349278478487355,0.0,0.0019284906789617184,0.0007314964644337552,0.0007758295834903464,0.008933123489903131,0.15736040609137056,0.004189479750847871,0.20730166470862058,0.02469354731452131,0.04832309977168444,0.004876643096225035,0.001440826369339215,0.04876643096225035,0.00011083279764147807,0.11856892691685324,0.07800412298007227,0.008401126061224038,0.003679648881697072,0.0,0.008910956930374837,0.0,0.00031033183339613857,0.0007536630239620509,0.007913461751601535,0.002061490036131492,0.005297807727262652,0.013721100348014985,0.0013964932502826236,0.0,0.0,0.0,0.0
"Control25",0.023278370514064017,0.0031094882181776687,0.00014263707422833342,0.012979973754778343,0.00017116448907400012,0.14055457294459975,0.01549038626119701,0.052889827123866036,0.004336167056541336,0.008101785816169339,0.0003993838078393336,5.705482969133337e-05,0.05520054772636504,0.001911336794659668,0.00031380156330233354,0.0040223654932390026,0.0,0.01928453243567068,0.12175500656130542,0.001911336794659668,0.04085125805899469,0.018229018086381013,0.00499229759799167,0.09696468306042107,0.007702402008330005,0.0005134934672220003,0.0,0.18628401894220345,0.014663091230672677,0.02581731043532835,0.09422605123523706,0.02718662634792035,0.0,0.000542020882067667,0.0016545900610486677,0.00042791122268500027,0.00447880413076967,0.0,0.00028527414845666685,0.009271409824841674,0.0,0.0,0.0,0.0,0.0
"ADHD20",0.00157847533632287,0.0,0.0,0.0,0.0,0.6943856502242153,0.05804484304932735,0.0,0.0,0.00947085201793722,0.0,0.0,0.0,0.0,0.0,0.001399103139013453,0.0,0.008896860986547085,0.04495067264573991,0.0,0.03860089686098655,0.0031928251121076234,0.007390134529147982,0.0,3.587443946188341e-05,0.02346188340807175,0.0,0.001219730941704036,0.0004304932735426009,0.003336322869955157,0.0,0.0,0.030493273542600896,0.0,0.0,0.0,0.0011121076233183856,0.0,0.0,0.010331838565022422,0.0,0.056,0.0,0.005668161434977579,0.0
"ADHD23",0.0,0.0,0.0009953962921488118,0.0,0.0009953962921488118,0.1180788851561528,0.005765003525361868,0.006718924972004479,0.0003732736095558044,0.006262701671436274,0.0,0.0,0.012276554269835345,0.0,0.0,0.0,0.0,0.01617518974741819,0.202314296379246,0.004894031769731658,0.420554933432873,0.03819833271121065,0.0338019990875534,0.0,0.0003317987640496039,0.052258305337812616,0.0,0.038654556011778855,0.006345651362448675,0.007175148272572685,0.01281572726141595,0.0,0.0027373398034092325,0.0,0.0007880220646178094,0.0,0.0026129152668906306,0.0,0.0016589938202480196,0.0022811165028410268,0.0003732736095558044,0.004064534859607648,0.0,0.00020737422753100245,0.00029032391854340344
"ADHD25",0.014408569704284852,0.00022631261315630657,0.0010938442969221484,0.0044130959565479785,0.00015087507543753772,0.23574230537115268,0.0017350633675316837,0.025422450211225106,0.0,0.0075060350030175015,0.00011315630657815328,3.771876885938443e-05,0.03703983101991551,0.0006412190706095353,0.000264031382015691,0.0022254073627036813,0.011881412190706096,0.019123415811707907,0.15502414001207002,0.007770066385033193,0.1773159324079662,0.037831925165962586,0.01312613156306578,0.005431502715751358,0.0004149064574532287,0.013239287869643936,0.0,0.0775497887748944,0.06778062764031383,0.014182257091128546,0.02017954133977067,0.0188971031985516,0.0,0.0,0.0019613759806879905,0.00022631261315630657,0.019047978273989137,0.0,0.00022631261315630657,0.00656306578153289,0.0008298129149064574,0.00018859384429692215,0.0,0.00018859384429692215,0.0
"ADHD27",0.0,0.0,0.0,0.0,0.0003697638793513285,0.4716074164069516,0.030637578574824364,0.005282341133590407,0.000686704347366753,0.0032750515028260527,0.0,0.0,0.020125719718979453,0.00026411705667952036,0.0,0.0,0.0004754107020231367,0.0027996408008029157,0.07353018857957846,0.0,0.019808779250964026,0.01452643811737362,0.015847023400771224,0.018752311024245946,0.001954466219428451,0.03338439596429137,0.0,0.13285087950979874,0.008240452168401035,0.02435159262585178,0.007025513707675242,0.0,0.05097459193914743,0.0,0.0,0.0008979979927103692,0.005757751835613544,0.01737890232951244,0.0031694046801542444,0.023506418044477312,0.00311658126881834,0.005599281601605831,0.0,0.0,0.0038032856161850934
"ADHD17",0.06174626145682586,0.0002679959264619178,0.0,0.006003108752746959,0.0002679959264619178,0.5523932036233049,0.025245216272712655,0.06528380768612317,0.007986278608565149,0.0,0.0,0.0,0.0012863804470172053,0.0,0.00016079755587715066,0.0012863804470172053,0.0,0.015114970252452163,0.10049847242321917,0.0,0.04148576941630487,0.0162941523288846,0.006860695717425095,0.004877525861606904,0.0018759714852334246,0.020689285522860052,0.0,0.00723589001447178,0.0081470761644423,0.01130942809669293,0.00021439674116953422,0.0006967894088009862,0.0,0.0,0.00016079755587715066,0.0005895910382162191,0.0003751942970466849,0.0,0.0,0.041324971860427724,0.0,0.00032159511175430133,0.0,0.0,0.0
"ADHD3",0.04188625217046943,0.0005178663904712584,0.0006701800347275109,0.010997045115301429,0.0,0.19246352088220062,0.016693575410485273,0.025344990404240413,0.0019191519176287811,0.0,0.0010052700520912664,3.0462728851250496e-05,0.08502147622384013,0.002589331952356292,0.00021323910195875347,0.005696530295183843,0.006671337618423858,0.008072623145581381,0.08139641149054132,0.012063240625095195,0.058275200292442195,0.015932007189204008,0.008164011332135132,0.00868187772260639,0.011910926980838944,0.0049349620739025804,0.0,0.23931519785542388,0.07554756755110123,0.009138818655375148,0.03618972187528559,0.0018277637310750298,0.0,0.0,0.0021019282907362843,0.0003046272885125049,0.010022237792061413,0.0,0.00012185091540500198,0.017333292716361533,0.0016449873579675268,0.0008834191366862644,0.0,0.0032899747159350536,0.0011271209674962683
"ADHD12",0.015585770647885487,0.00022824350321171214,0.00039127457693436367,0.0019563728846718185,0.0003260621474453031,0.3687110763311487,0.011379568945841077,0.042811959959568296,0.003977958198832698,0.000847761583357788,0.0,6.521242948906062e-05,0.018357298901170563,0.00029345593270077276,0.0002608497179562425,0.00016303107372265155,0.00417359548729988,0.013498972904235547,0.11389350810264437,0.0023802536763507126,0.07303792102774789,0.0208679774364994,0.012781636179855881,0.009162346343213017,0.0016629169519710456,0.03889921419022466,0.0,0.0890801786820568,0.050376601780299325,0.01587922658058626,0.01571619550686361,0.0005869118654015455,0.0029997717564967884,0.0,0.0013042485897812124,0.0004564870064234243,0.017672568391535425,0.00039127457693436367,0.01571619550686361,0.01806384296846979,0.0029019531122631975,0.0,0.0,0.011020900583651244,0.00211940395839447
"ADHD14",0.004907823648286386,0.0074648410112591245,0.0,0.011011671546995505,0.0,0.0014022353280818245,0.002227079638718192,0.000783602095104549,0.0,0.00037117993978636534,0.0,0.00016496886212727347,0.05316121582051388,0.003670557182331835,0.005691425743390935,0.011712789211036417,0.0002886955087227286,0.02684868231121376,0.1262011795273642,0.0,0.12789211036416875,0.053449911329236606,0.018311543696127357,0.002886955087227286,0.004454159277436384,0.022518249680372828,0.0007423598795727307,0.18822947168721904,0.04499525714521384,0.01340372004784097,0.028415886501422856,0.005155276941477296,0.017321730523363714,0.0,0.007794778735513672,0.0,0.0,0.0,0.05064544067307296,0.0019796263455272817,0.0,0.0,0.0,0.15564812141708254,0.0002474532931909102
"ADHD13",0.0,0.0,0.0,0.0015583554376657825,0.0,0.07049071618037135,0.010775862068965518,0.005006631299734748,0.0005305039787798408,0.00016578249336870026,0.0,0.0005968169761273209,0.021286472148541114,0.0,0.0,0.0004973474801061008,0.0005305039787798408,0.003746684350132626,0.05954907161803714,0.0,0.009549071618037135,0.004177718832891247,0.0028514588859416446,0.0004973474801061008,0.0032824933687002652,0.0007625994694960213,0.0,0.11226790450928383,0.11130636604774535,0.013726790450928382,0.004376657824933687,0.0,0.041744031830238726,0.0,0.0,0.0,0.0011604774535809018,0.0,0.0,0.004708222811671088,0.0001989389920424403,0.0,0.0,0.5133620689655173,0.001293103448275862
"ADHD28",0.016931566287789464,0.0005659576475027119,0.0,0.0049521294156487285,0.0,0.0680092439749092,0.006980144319200113,0.035230863557043815,0.001226241569589209,0.00023581568645946328,0.00014148941187567797,4.716313729189266e-05,0.1514879969815592,0.006319860397113616,0.00231099372730274,0.0037730509833514125,0.0003773050983351413,0.0073102862802433615,0.03287270669244918,0.00014148941187567797,0.0134886572654813,0.012026600009432627,0.007168796868367684,0.007829080790454182,0.004904966278356836,0.006178370985237938,0.00023581568645946328,0.3917370183464604,0.09210960713106636,0.021789369428854406,0.04320143375937367,0.01933688628967599,0.003961703532518983,0.0,0.0007074470593783898,0.00014148941187567797,0.00028297882375135595,0.0,0.0,0.010375890204216384,0.0008960996085459605,0.00023581568645946328,0.0,0.02292128472385983,0.0015563835306324576
"ADHD8",0.012766856901289368,0.00012682308180088776,0.00012682308180088776,0.0,0.0002536461636017755,0.31650813781441556,0.029211583174804483,0.1304164024519129,0.006298879729444092,0.0,0.0,0.0,0.01420418516169943,0.000507292327203551,0.0,0.0008032128514056225,0.0004227436060029592,0.004396533502430776,0.04696681462692877,0.0019023462270133164,0.08543648277319806,0.0017755231452124287,0.013105051786091735,0.006594800253646164,0.004607905305432256,0.010188120904671317,0.0,0.17776368632424436,0.054956668780384695,0.020080321285140562,0.030648911435214542,0.0033819488480236735,0.0,0.0,0.0006763897696047348,0.0008032128514056225,0.006552525893045867,0.0,0.004734728387233143,0.010653138871274573,0.0028323821602198266,0.0002959205242020714,0.0,0.0,0.0
"ADHD16",0.0031390746553841956,0.0010372594513443428,0.000655111232428006,0.0035485191756516993,0.0001364815067558346,0.17857240343933398,0.00398525999727037,0.008352668213457077,0.0011191483553978437,0.008489149720212912,0.0001364815067558346,0.00040944452026750374,0.03010782039033711,0.0,0.0,0.0,0.005923297393203221,0.022737819025522042,0.17204858741640508,0.0,0.164023474819162,0.017387743960693328,0.02126381875255903,0.0037941858878122016,0.020663300122833357,0.02039033710932169,0.0,0.21195577999181112,0.027733042172785587,0.006332741913470725,0.02655930121468541,0.004012556298621537,0.0002729630135116692,0.0,0.0014194076702606798,0.0002729630135116692,0.026941449433601748,0.0,0.0001637778081070015,0.006059778899959055,0.00035485191756516994,0.0,0.0,0.0,0.0
"ADHD18",0.010636958710976838,0.0,0.0005664652567975831,0.0023288016112789525,0.00018882175226586103,0.24364300100704936,0.0023288016112789525,0.0,0.008056394763343404,0.00025176233635448137,0.0,0.0,0.03449144008056395,0.0,0.0006294058408862034,0.002580563947633434,0.010448136958710977,0.012336354481369587,0.11858006042296072,0.00025176233635448137,0.052492447129909366,0.021336858006042295,0.019008056394763342,0.025239174219536756,0.0010070493454179255,0.019889224572004028,0.00012588116817724068,0.24376888217522658,0.050918932527693854,0.021273917421953677,0.017749244712990938,0.004720543806646525,0.0,0.0,0.00025176233635448137,0.00037764350453172205,0.005853474320241692,0.0,0.0005035246727089627,0.06520644511581067,0.0024546827794561933,0.0005035246727089627,0.0,0.0,0.0
"ADHD19",0.02122922269741193,0.011022441691283453,0.0014329174198668489,0.033265729024293464,0.0013667827697191482,0.10279529121290948,0.006657554781535206,0.018539746924738768,0.001146333935893479,0.008597504519201094,0.0007715709183898417,0.0006172567347118734,0.0942639213438561,0.026255456108637186,0.01708478462148935,0.0034169569242978705,0.0005070323177990389,0.003306732507385036,0.07468806490013667,0.0039239892420969095,0.06227679555575151,0.07817115647458225,0.005665535029319695,0.00983201798862484,0.004695560160486751,0.029826727216613023,0.0010361095189806446,0.1430933380362418,0.011198800758343988,0.01653366253692518,0.15733433270138,0.006657554781535206,0.003747630175036374,0.0,0.004100348309157445,0.0002645386005908029,0.012874211895419074,0.011904237026586129,0.001146333935893479,0.0026674308892905957,0.0015431418367796833,0.0034169569242978705,0.0,0.0004408976676513381,0.0006833913848595741
"ADHD26",0.08294340737821997,0.0016253755602620302,0.0,0.01871644584544156,0.00014776141456927547,0.044279170565926215,0.002807466876816234,0.0008865684874156529,0.001576121755405605,0.002117913608826282,0.0006402994631335271,0.0,0.02970004432842437,0.0009358222922720781,0.028567206816726594,0.0229030192582377,0.003841796778801162,0.054573215780919074,0.10727478697729399,0.0,0.09466581293404916,0.026203024183618185,0.02462690242821258,0.002216421218539132,0.010244791410136433,0.019159730089149386,0.002462690242821258,0.2182436093188199,0.032803034034379154,0.01679554745604098,0.09614342707974191,0.009210461508151505,0.002167167413682707,0.0,0.005959710387627444,0.0,0.0,0.0008865684874156529,0.019455252918287938,0.003102989705954785,0.0007880608777028025,0.0,0.0,0.011082106092695661,0.0002462690242821258
"ADHD7",0.10034983568323969,0.0012085232693734762,0.0002332237888264603,0.023428389695748966,0.0,0.021626205872999047,0.001759779497508746,0.0055973709318350474,0.0004452454150323333,0.005279338492526237,0.0,0.0007632778543411428,0.014353864094137601,0.0008904908300646666,0.021711014523481394,0.01208523269373476,0.0016113643591646348,0.04412170041344217,0.20805682179582316,0.000636064878617619,0.07817237358210538,0.021880631824446092,0.005554966606593873,0.013569384077175872,0.021138556132725538,0.015604791688752253,0.001908194635852857,0.16304463055231633,0.11860489769956535,0.006233435810452666,0.010049825082158381,0.0023958443761263647,0.008544471536096682,0.0,0.001971801123714619,0.0002332237888264603,0.002459450863988127,0.0002544259514470476,0.006191031485211491,0.004325241174599809,0.0,0.000212021626205873,0.0,0.051987702745680056,0.0015053535460616983
"ADHD9",0.03224652923853597,0.00021034917963819942,0.00033655868742111904,0.006226335717290703,0.0005048380311316786,0.08538073201514514,0.004585612116112747,0.006794278502313841,0.0009886411442995373,0.0013041649137568363,0.0009676062263357173,0.00016827934371055952,0.013798906184265882,0.00027345393352965923,0.0008413967185527977,0.0015986537652503156,0.0007151872107698779,0.02864955826672276,0.19669751787968026,0.0030290281867900717,0.1208876735380732,0.014892721918384519,0.009381573411863693,0.029364745477492637,0.00725704669751788,0.01474547749263778,0.0,0.20725704669751788,0.08401346234749685,0.011695414387883888,0.0926167437946992,0.0,0.0037862852334875894,0.0,0.001114850652082457,0.0,0.011611274716028607,0.00014724442574673958,0.000694152292806058,0.004438367690366008,0.00027345393352965923,0.0,0.0,0.0,0.0005048380311316786
"ADHD6",0.04322536496350365,0.00011405109489051095,0.0001900851581508516,0.02543339416058394,0.0016347323600973236,0.09850212895377129,0.008819951338199513,0.005550486618004866,0.0,0.010454683698296836,0.0,0.0001900851581508516,0.0002281021897810219,0.00015206812652068127,0.0009884428223844283,0.00015206812652068127,0.0009884428223844283,0.06907694647201947,0.29976429440389296,0.0,0.21357968369829683,0.02611770072992701,0.00726125304136253,0.0,0.0047141119221411195,0.06459093673965936,0.00015206812652068127,0.028056569343065694,0.06002889294403893,0.003725669099756691,0.009922445255474453,0.0013686131386861315,0.005892639902676399,0.0,0.0003801703163017032,0.0,0.0007983576642335766,0.0006843065693430657,0.0004562043795620438,0.005892639902676399,0.0005322384428223844,0.0,0.0,0.0,0.0003801703163017032
"ADHD24",0.2387657400329887,0.0024138069759021604,0.000643681860240576,0.03918413324214507,0.000160920465060144,0.028241541618055276,0.0029367984873476284,0.007643722090356841,0.0006839119765056121,0.00020115058132518003,0.000321840930120288,0.001086213139155972,0.032465703825884054,0.019712756969867642,0.01520698394818361,0.005913827090960293,0.00020115058132518003,0.03294846522106449,0.07305789113730539,0.0033793297662630243,0.07905217846079575,0.024339220340346784,0.03644848533612262,0.006114977672285473,0.0020115058132518003,0.03073580882648751,0.0010459830228909362,0.26286357967574525,0.010500060345174398,0.015890895924689223,0.009051776159633101,0.0,0.0030977189524077726,0.0,0.004143701975298709,0.00012069034879510802,0.0006839119765056121,0.0,0.0032988695337329526,0.0019310455807217282,0.0,0.0020115058132518003,0.0,0.0009252926740958282,0.000563221627710504
"ADHD29",0.01052234584197624,0.00011314350367716387,0.0005657175183858194,0.0,0.00011314350367716387,0.08587591929096737,0.0016971525551574581,0.00018857250612860644,0.0,0.0018857250612860645,0.0007920045257401471,0.00022628700735432774,0.0027908730907033755,0.0,0.005393173675278144,0.0005280030171600981,0.0,0.03311333207618329,0.2217989817084669,0.013275504431453894,0.21508580049028853,0.023307561757495758,0.01572694701112578,0.0586460494059966,0.027984159909485197,0.027682443899679426,0.0003394305110314916,0.0999057137469357,0.10582689043937393,0.006222892702244013,0.016443522534414483,0.0,0.00497831416179521,0.0,0.0,0.0,0.013086931925325288,0.00022628700735432774,0.0003394305110314916,0.004865170658118046,0.0004525740147086555,0.0,0.0,0.0,0.0
"ADHD11",0.16684178925247672,0.0007505253677574302,0.0,0.0,0.0042279595717001905,0.1481537075953167,0.00272690883618533,0.027144000800560394,0.00035024517162013407,0.0021765235664965477,0.00020014009806864806,2.5017512258581007e-05,0.009856899829880916,0.0010757530271189833,0.017937556289402582,0.005904132893025118,0.0039527669368557995,0.0014510157109976984,0.10624937456219354,0.0,0.20004002801961374,0.024742319623736617,0.027043930751526068,0.004778344841388972,0.01143300310217152,0.09529170419293505,0.0013259281497047934,0.05368758130691484,0.0014760332232562794,0.01621134794356049,0.04197938556989893,0.00015010507355148604,0.004152907034924447,0.0,0.0018262783948764134,0.00035024517162013407,0.0024266986890823577,0.006504553187231062,0.005028519963974782,0.0022265585910137098,0.0,0.0003002101471029721,0.0,0.0,0.0
"ADHD2",0.0014969380811975504,0.00022680880018144704,0.00077114992061692,0.007167158085733726,0.0,0.027942844182354275,0.0018598321614878657,0.0063506464050805175,0.0005443411204354728,0.001224767520979814,0.0002721705602177364,0.0006350646405080517,0.0625538670900431,0.0036289408029031526,0.016647765933318213,0.005125878884100703,0.002132002721705602,0.03148106146518485,0.16516216829212974,0.0048083465638466775,0.13427080970741664,0.039237922431390335,0.014878657291902925,0.005715581764572465,0.01741891585393513,0.03370378770696303,0.0017237468813789975,0.1922885007938308,0.07344068949875256,0.007847584486278068,0.12996144250396915,0.0,0.005080517124064414,0.0,0.002676343842141075,0.0,0.001451576321161261,0.0001360852801088682,0.0001360852801088682,0.0,0.0,0.0,0.0,0.0,0.0
"ADHD10",0.0,0.0,0.0008733836337611296,0.0,0.0012130328246682356,0.11320022319803974,0.0031538853441374125,0.013610228292777603,0.0009704262597345884,0.002329023023363012,0.0015526820155753415,0.0,0.0005579950993473883,0.0,0.0035420558480312478,0.007545064169436425,0.004439700138285742,0.04078216356534608,0.16989737742303307,0.0,0.18214900895218225,0.014604915209005555,0.010795992139547296,0.007205414978529319,0.053494747567869184,0.025522210631019674,0.0,0.02018486620247944,0.16371091001722507,0.006404813314248283,0.11128363133506393,0.0,0.005410126398020331,0.0,0.0008733836337611296,0.0004366918168805648,0.01972391372910551,0.0002426065649336471,0.002426065649336471,0.010116693757733084,0.0005337344428540236,0.0012130328246682356,0.0,0.0,0.0
"ADHD1",0.13764165521978022,0.0004077953296703297,0.0,0.01779275412087912,0.0,0.04547991071428571,0.004957932692307692,0.010752918956043956,0.0006438873626373626,0.003970638736263736,0.0020819024725274725,0.0003219436813186813,0.06353021978021978,0.009443681318681318,0.007190075549450549,0.0013950892857142857,0.00010731456043956044,0.011954842032967032,0.08542239010989011,0.0008799793956043956,0.06805889423076923,0.09003691620879122,0.007876888736263736,0.021892170329670328,0.011740212912087912,0.010044642857142858,0.0006868131868131869,0.21183894230769232,0.019273695054945056,0.00987293956043956,0.13131009615384615,0.003176510989010989,0.0009014423076923077,0.0,0.001480940934065934,0.0,0.0037345467032967035,0.0003219436813186813,0.0,0.002661401098901099,0.0005794986263736264,0.00023609203296703297,0.0,0.0,0.00030048076923076925
