"","k__Bacteria;p__Actinobacteria;c__Actinobacteria;o__Bifidobacteriales;f__Bifidobacteriaceae;g__Bifidobacterium;Other","k__Bacteria;p__Actinobacteria;c__Actinobacteria;o__Bifidobacteriales;f__Bifidobacteriaceae;g__Bifidobacterium;s__","k__Bacteria;p__Actinobacteria;c__Actinobacteria;o__Bifidobacteriales;f__Bifidobacteriaceae;g__Bifidobacterium;s__adolescentis","k__Bacteria;p__Actinobacteria;c__Actinobacteria;o__Bifidobacteriales;f__Bifidobacteriaceae;g__Bifidobacterium;s__longum","k__Bacteria;p__Actinobacteria;c__Coriobacteriia;o__Coriobacteriales;f__Coriobacteriaceae;g__;s__","k__Bacteria;p__Actinobacteria;c__Coriobacteriia;o__Coriobacteriales;f__Coriobacteriaceae;g__Adlercreutzia;s__","k__Bacteria;p__Actinobacteria;c__Coriobacteriia;o__Coriobacteriales;f__Coriobacteriaceae;g__Collinsella;s__aerofaciens","k__Bacteria;p__Actinobacteria;c__Coriobacteriia;o__Coriobacteriales;f__Coriobacteriaceae;g__Eggerthella;s__lenta","k__Bacteria;p__Bacteroidetes;c__Bacteroidia;o__Bacteroidales;f__Bacteroidaceae;g__Bacteroides;s__","k__Bacteria;p__Bacteroidetes;c__Bacteroidia;o__Bacteroidales;f__Bacteroidaceae;g__Bacteroides;s__ovatus","k__Bacteria;p__Bacteroidetes;c__Bacteroidia;o__Bacteroidales;f__Bacteroidaceae;g__Bacteroides;s__uniformis","k__Bacteria;p__Bacteroidetes;c__Bacteroidia;o__Bacteroidales;f__Porphyromonadaceae;g__Parabacteroides;s__","k__Bacteria;p__Bacteroidetes;c__Bacteroidia;o__Bacteroidales;f__Porphyromonadaceae;g__Parabacteroides;s__distasonis","k__Bacteria;p__Bacteroidetes;c__Bacteroidia;o__Bacteroidales;f__Rikenellaceae;g__;s__","k__Bacteria;p__Bacteroidetes;c__Bacteroidia;o__Bacteroidales;f__[Odoribacteraceae];g__Odoribacter;s__","k__Bacteria;p__Firmicutes;c__Bacilli;o__Lactobacillales;f__Streptococcaceae;g__Streptococcus;s__","k__Bacteria;p__Firmicutes;c__Bacilli;o__Turicibacterales;f__Turicibacteraceae;g__Turicibacter;s__","k__Bacteria;p__Firmicutes;c__Clostridia;o__Clostridiales;Other;Other;Other","k__Bacteria;p__Firmicutes;c__Clostridia;o__Clostridiales;f__;g__;s__","k__Bacteria;p__Firmicutes;c__Clostridia;o__Clostridiales;f__Christensenellaceae;g__;s__","k__Bacteria;p__Firmicutes;c__Clostridia;o__Clostridiales;f__Clostridiaceae;Other;Other","k__Bacteria;p__Firmicutes;c__Clostridia;o__Clostridiales;f__Clostridiaceae;g__;s__","k__Bacteria;p__Firmicutes;c__Clostridia;o__Clostridiales;f__Clostridiaceae;g__Clostridium;s__","k__Bacteria;p__Firmicutes;c__Clostridia;o__Clostridiales;f__Lachnospiraceae;Other;Other","k__Bacteria;p__Firmicutes;c__Clostridia;o__Clostridiales;f__Lachnospiraceae;g__;s__","k__Bacteria;p__Firmicutes;c__Clostridia;o__Clostridiales;f__Lachnospiraceae;g__Anaerostipes;s__","k__Bacteria;p__Firmicutes;c__Clostridia;o__Clostridiales;f__Lachnospiraceae;g__Blautia;Other","k__Bacteria;p__Firmicutes;c__Clostridia;o__Clostridiales;f__Lachnospiraceae;g__Blautia;s__","k__Bacteria;p__Firmicutes;c__Clostridia;o__Clostridiales;f__Lachnospiraceae;g__Coprococcus;s__","k__Bacteria;p__Firmicutes;c__Clostridia;o__Clostridiales;f__Lachnospiraceae;g__Dorea;Other","k__Bacteria;p__Firmicutes;c__Clostridia;o__Clostridiales;f__Lachnospiraceae;g__Dorea;s__","k__Bacteria;p__Firmicutes;c__Clostridia;o__Clostridiales;f__Lachnospiraceae;g__Lachnospira;s__","k__Bacteria;p__Firmicutes;c__Clostridia;o__Clostridiales;f__Lachnospiraceae;g__Roseburia;Other","k__Bacteria;p__Firmicutes;c__Clostridia;o__Clostridiales;f__Lachnospiraceae;g__Roseburia;s__","k__Bacteria;p__Firmicutes;c__Clostridia;o__Clostridiales;f__Lachnospiraceae;g__[Ruminococcus];s__","k__Bacteria;p__Firmicutes;c__Clostridia;o__Clostridiales;f__Lachnospiraceae;g__[Ruminococcus];s__gnavus","k__Bacteria;p__Firmicutes;c__Clostridia;o__Clostridiales;f__Peptostreptococcaceae;g__;s__","k__Bacteria;p__Firmicutes;c__Clostridia;o__Clostridiales;f__Ruminococcaceae;g__;s__","k__Bacteria;p__Firmicutes;c__Clostridia;o__Clostridiales;f__Ruminococcaceae;g__Faecalibacterium;s__prausnitzii","k__Bacteria;p__Firmicutes;c__Clostridia;o__Clostridiales;f__Ruminococcaceae;g__Oscillospira;s__","k__Bacteria;p__Firmicutes;c__Clostridia;o__Clostridiales;f__Ruminococcaceae;g__Ruminococcus;s__","k__Bacteria;p__Firmicutes;c__Clostridia;o__Clostridiales;f__Veillonellaceae;g__Dialister;s__","k__Bacteria;p__Firmicutes;c__Clostridia;o__Clostridiales;f__Veillonellaceae;g__Phascolarctobacterium;s__","k__Bacteria;p__Firmicutes;c__Clostridia;o__Clostridiales;f__Veillonellaceae;g__Veillonella;s__dispar","k__Bacteria;p__Firmicutes;c__Clostridia;o__Clostridiales;f__[Mogibacteriaceae];g__;s__","k__Bacteria;p__Firmicutes;c__Erysipelotrichi;o__Erysipelotrichales;f__Erysipelotrichaceae;Other;Other","k__Bacteria;p__Firmicutes;c__Erysipelotrichi;o__Erysipelotrichales;f__Erysipelotrichaceae;g__;s__","k__Bacteria;p__Firmicutes;c__Erysipelotrichi;o__Erysipelotrichales;f__Erysipelotrichaceae;g__Coprobacillus;s__","k__Bacteria;p__Firmicutes;c__Erysipelotrichi;o__Erysipelotrichales;f__Erysipelotrichaceae;g__[Eubacterium];s__dolichum","k__Bacteria;p__Proteobacteria;c__Betaproteobacteria;o__Burkholderiales;f__Alcaligenaceae;g__Sutterella;s__","k__Bacteria;p__Proteobacteria;c__Deltaproteobacteria;o__Desulfovibrionales;f__Desulfovibrionaceae;g__Bilophila;s__","k__Bacteria;p__Proteobacteria;c__Gammaproteobacteria;o__Enterobacteriales;f__Enterobacteriaceae;g__;s__","k__Bacteria;p__Proteobacteria;c__Gammaproteobacteria;o__Pasteurellales;f__Pasteurellaceae;g__Haemophilus;s__parainfluenzae","k__Bacteria;p__Bacteroidetes;c__Bacteroidia;o__Bacteroidales;f__Bacteroidaceae;g__Bacteroides;s__fragilis","k__Bacteria;p__Bacteroidetes;c__Bacteroidia;o__Bacteroidales;f__[Odoribacteraceae];g__Butyricimonas;s__"
"Control29",0.0,0.0,0.024870164756446992,0.01864702722063037,0.00022385386819484242,0.0006939469914040115,0.0,0.0006715616045845272,0.14584079512893983,0.0013207378223495702,0.006245522922636103,0.0023728510028653295,0.0007834885386819484,0.005305336676217765,0.0010744985673352436,0.006670845272206303,0.001969914040114613,0.00017908309455587392,0.021579512893982807,0.0,0.009849570200573065,0.020594555873925502,0.0024623925501432663,0.044748388252148996,0.16435351002865328,0.007409563037249284,0.015177292263610314,0.11147922636103152,0.02041547277936963,0.005103868194842407,0.00960333094555874,0.007387177650429799,0.006849928366762178,0.004477077363896848,0.014550501432664757,0.007633416905444126,0.0004924785100286533,0.19231285816618912,0.07212571633237823,0.004924785100286533,0.010207736389684814,0.009133237822349571,0.0,0.00013431232091690545,0.00047009312320916904,0.00013431232091690545,0.010319663323782235,0.0,0.0,0.006312679083094556,0.00011192693409742121,0.00011192693409742121,0.0026638610315186245,0.0,0.0
"Control15",0.0004182668542530134,0.014829461196243203,0.0005323396326856535,0.001178752043803947,0.0,0.00019012129738773338,0.021635803642724057,0.0011027035248488536,0.03517244001673067,0.003840450207232214,0.004524886877828055,0.0,0.001178752043803947,0.01304232100079851,0.0007604851895509335,0.0028518194608160006,0.0031179892771588274,0.00045629111373056007,0.035286512795163316,0.00038024259477546676,0.005019202251036161,0.014487242860945283,0.0,0.03627514354157953,0.11677250085554584,0.001977261492832427,0.011407277843264002,0.1030457431841515,0.029430776835621127,0.008935700977223468,0.010304574318415149,0.03190235370166166,0.005323396326856534,0.00022814555686528004,0.04387999543708886,0.0012548005627590402,0.00038024259477546676,0.2364348454313852,0.09449028480170349,0.013726757671394349,0.05015399825088406,0.014943533974675844,0.0,0.0001520970379101867,0.003536256131411841,0.0005703638921632001,0.001749115935967147,0.00022814555686528004,0.0,0.01844176584661014,0.0007604851895509335,0.0,0.0036883531693220274,0.0,0.0
"Control28",0.0005973269618457403,0.0,0.015194504591951019,0.0,0.0,0.0004479952213843052,0.0436422011498544,0.0004106622862689465,0.0698125886657209,0.0,0.005263943851265587,0.006159934294034197,0.0027253042634211903,0.0,0.0,0.008063913984917494,0.001791980885537221,0.0007466587023071754,0.0027253042634211903,0.00029866348092287017,0.012767863809452698,0.017509146569103264,0.0003359964160382289,0.043455536474277606,0.14955573807212724,0.0,0.01030389009183902,0.08549242141417158,0.022885089225714927,0.011125214664376912,0.018890465168371538,0.013850518927798103,0.0021653102366908086,0.0019039796908832973,0.13794519525125065,0.008959904427686105,0.0008586575076532517,0.0847457627118644,0.11330545807511387,0.004778615694765923,0.000821324572537893,0.0017173150153065033,0.020495781378331964,0.0005599940267303815,0.00018666467557679385,0.0,0.028223698947211228,0.00029866348092287017,0.0022026431718061676,0.007391921152841037,0.000970656312999328,0.03748226685582021,0.0009333233778839692,0.0,0.0
"Control3",0.0073231073725878275,0.0013359722909450768,0.10529440870856012,0.03003463631865413,0.010588817417120238,0.0009896091044037606,0.0871845620979713,0.0,0.010935180603661554,0.00014844136566056408,0.0014844136566056407,0.0031172686788718458,0.0005937654626422563,0.0031172686788718458,0.00014844136566056408,0.0009401286491835725,0.0004948045522018803,0.0007916872835230084,0.044186046511627906,0.02835230084116774,0.03399307273626918,0.015635823849579417,0.0,0.05566551212271153,0.053043047996041565,0.0001979218208807521,0.07916872835230084,0.10771895101434933,0.02632360217714003,0.007619990103908956,0.0003958436417615042,0.0015338941118258288,0.004453240969816922,0.00029688273132112816,0.002474022761009401,0.003809995051954478,0.0028203859475507175,0.20509648688767937,0.010885700148441365,0.016378030677882238,0.025383473527956456,0.0,0.0007916872835230084,0.0,0.007718951014349332,0.0,0.0005442850074220683,0.0,0.00034636318654131617,0.0,0.0006432459178624443,0.0,0.0,0.0,0.0
"Control27",0.0006911996461057812,0.006607868616771268,0.02186955680278692,0.013547513063673312,0.0026542066410461997,0.00013823992922115623,0.017003511294202217,0.0,0.05294589289170284,0.0005806077027288562,0.013022201332632918,0.0007188476319500124,0.0012994553346788687,0.0030965744145539,0.00013823992922115623,0.003455998230528906,0.003704830103126987,0.0,0.038845420111144904,0.00199065498078465,0.0030965744145539,0.0010506234620807874,0.0020459509524731125,0.06082556885730875,0.20890818103901132,0.0,0.0007188476319500124,0.10782714479250187,0.021814260831098456,0.005667837098067406,0.012801017445879068,0.007382012220409743,0.005916668970665487,0.0012994553346788687,0.03428350244684675,0.003234814343775056,0.00033177583013077497,0.19220879758909565,0.05858608200392602,0.0064143327158616495,0.0699770521717493,0.00019353590090961874,0.006386684730017418,0.0,0.0016312311648096437,0.0,0.0,0.0,0.0,0.00508722939533855,0.0,0.0,0.0,0.0,0.0
"Control18",0.0032542796005706133,0.01038694721825963,0.03766940085592011,0.011947218259629102,0.00305367332382311,0.0001783166904422254,0.03236447931526391,0.0,0.03749108416547789,0.003432596291012839,0.0008024251069900142,0.002697039942938659,0.002273537803138374,0.007645328102710414,0.0002674750356633381,0.00256330242510699,0.002050641940085592,0.00022289586305278175,0.06490727532097004,0.03608684022824536,0.011924928673323823,0.011077924393723253,0.0008470042796005706,0.025098074179743225,0.11686430099857346,0.0002451854493580599,0.0022512482168330957,0.06847360912981455,0.0124598787446505,0.0026524607703281027,0.009138730385164051,0.0100080242510699,0.004680813124108417,0.009183309557774608,0.013039407988587732,0.0,0.0009361626248216833,0.29034415121255347,0.053673323823109846,0.009183309557774608,0.07602977888730385,0.0,0.004168152639087018,0.0001560271041369472,0.0012036376604850213,0.0,0.003677781740370899,0.0,0.0,0.002942225392296719,0.0004457917261055635,0.0,0.0,0.0,0.0
"Control5",0.00015120205634796633,0.015019404263897989,0.014767400836651378,0.004384859634091023,0.05589436016329822,0.0002268030845219495,0.00645128773751323,0.0,0.004863666145859584,0.0016884229625522907,0.0016128219343783075,0.0014364195353056802,0.0007812106244644928,0.010256539488937049,0.00012600171362330527,0.0007056095962905095,0.006048082253918653,0.00042840582631923794,0.045738622045259816,0.022251902625875713,0.054281538228919915,0.06640290307948188,0.0005544075399425432,0.03205483594576886,0.037598911345194296,0.0002268030845219495,0.007938107958268232,0.07413940829595282,0.02681316465903936,0.0009576130235371201,0.006476488080237891,0.006526888765687213,0.016859029282798248,0.0016380222771029687,0.015095005292071972,0.0016380222771029687,0.002167229474320851,0.32369840229827124,0.012826974446852477,0.05155990121465652,0.03127362532130437,0.0186986543016985,0.0,0.0,0.011113351141575526,0.0002772037699712716,0.0019152260470742402,0.0,0.00017640239907262738,0.0034524469532785647,0.0005544075399425432,0.0,0.00025200342724661053,0.0,0.0
"Control7",0.0,0.0,0.0,0.02553099263112267,0.0003684438664932813,0.00017338534893801473,0.01649328131772865,0.0003684438664932813,0.0641742522756827,0.011031642826181187,0.010533159947984396,0.0013654096228868662,0.002904204594711747,0.0005201560468140442,0.0,0.0030559167750325096,0.003857824013870828,0.0001950585175552666,0.009406155179887299,0.0,0.0006501950585175553,0.005309926311226701,0.0003901170351105332,0.08162115301257043,0.37787169484178584,0.0,0.015041179020372778,0.1392501083658431,0.017945383615084524,0.003315994798439532,0.011941915908105765,0.017490247074122237,0.0015604681404421327,0.004508019072388383,0.006610316428261812,0.00411790203727785,0.0,0.07256176853055916,0.020871261378413525,0.004074555700043347,0.02364542696142176,0.0,0.0047030775899436494,0.0001517121803207629,0.0,0.0,0.027568270481144342,0.0,0.0,0.007433896835717382,0.0,0.0012136974425661032,0.00017338534893801473,0.0,0.0
"Control26",0.012914143213395084,0.028232988956180975,0.0003117206982543641,0.04074634841467759,0.00026718916993231207,0.0,0.02921268257926612,0.00026718916993231207,0.05383861774136088,0.012646954043462772,0.0,0.009218026362664767,0.014027431421446385,0.012914143213395084,0.0,0.003028143925899537,0.0,0.00013359458496615604,0.015586034912718205,0.00022265764161026006,0.005032062700391878,0.0027164232276451726,0.004987531172069825,0.003384396152475953,0.14650872817955113,0.0,0.0010687566797292483,0.21041147132169577,0.041859636622728895,0.0,0.002760954755967225,0.017411827573922338,0.0006679729248307802,0.003740648379052369,0.014116494478090488,0.008550053437833986,0.0004898468115425721,0.1805753473459209,0.04110260064125401,0.009351620947630923,0.05673316708229426,0.008594584966156038,0.0,0.0,0.0005343783398646241,0.00013359458496615604,0.0010687566797292483,0.0003117206982543641,0.0007125044531528322,0.0030726754542215887,0.0005343783398646241,0.0,0.0,0.0,0.0
"Control4",0.0,0.0,0.0,0.0516306667805003,0.0,0.0,0.0,0.0017715359002817383,0.042687612054981644,0.0,0.01144028003073508,0.0,0.0,0.0,0.0,0.0001920942542474174,0.0,0.0,0.0006616579868522155,0.0,0.0,0.006894049346879536,0.0,0.025633911039016476,0.1174336207632545,0.0,0.0,0.26218731324169725,0.006125672329889866,0.0088363356953812,0.007384956885511824,0.04390420899854862,0.00885767950140869,0.035110560915222404,0.009818150772645778,0.01927345684282421,0.0,0.2524758814991889,0.0,0.004268761205498165,0.017864765645009818,0.002283787244941518,0.0,0.00012806283616494492,0.0,0.00044821992657730726,0.05468283104243148,0.0011312217194570137,0.005229232476735251,0.0,0.0,0.0016434730641167934,0.0,0.0,0.0
"Control9",0.00275301520713162,0.00029496591504981647,0.02464604090194022,0.00865233350812795,0.0,0.00042606187729417934,0.005309386470896697,0.0,0.1351927110644992,0.02005768222338752,0.021860251704247508,0.0037690089145254327,0.0014420555846879916,0.0054404824331410594,0.0007538017829050865,0.007210277923439958,0.00022941793392763503,6.554798112218144e-05,0.030479811221814368,0.0,0.0008193497640272679,0.0015403775563712638,0.0,0.013896171997902464,0.04611300471945464,0.0,0.022974567383324592,0.2319743051914001,0.02644861038280021,0.0,0.0173046670162559,0.03785395909805978,0.0346093340325118,0.008291819611955952,0.001409281594126901,0.001507603565810173,0.0,0.17219454640797063,0.054929208180388045,0.0036706869428421605,0.012388568432092292,0.0,0.004490036706869429,0.0,0.0009832197168327215,0.0005899318300996329,0.02877556371263765,0.0001638699528054536,0.00022941793392763503,0.007603565810173046,0.00013109596224436288,0.0003605138961719979,0.0001638699528054536,0.0,0.0
"Control19",0.0005462299628143448,0.017227252673375493,0.025357675581419777,0.048992625895502004,0.0,0.0,0.0,0.0009664068572869178,0.0813252379251665,0.01724826151809912,0.013172545641715163,0.00018907960251265783,0.0014706191306540052,0.0005462299628143448,0.00037815920502531566,0.003949662808042186,0.0008193449442215172,2.1008844723628648e-05,0.00033614151557805836,0.0,0.006932918758797453,0.0067228303115611674,0.002500052522111809,0.03853022122313494,0.24658081052122943,0.0,0.0002731149814071724,0.12017059181915586,0.028046807706044244,0.0043698397025147585,0.015336456648248913,0.05533729700203786,0.02455933948192189,0.0012815395281413474,0.045148007311077966,0.014853253219605454,0.0005672388075379735,0.1333221286161474,0.009727095107040064,0.0032563709321624403,0.002920229416584382,0.005945503056786907,0.0,0.00012605306834177188,0.0,0.00046219458391983027,0.008634635181411374,0.00014706191306540053,0.00201684909346835,0.009033803231160318,0.00016807075778902918,0.0,0.0004832034286434589,0.0,0.0
"Control13",0.0,0.0,0.0,0.04300765363307394,0.0,0.0,0.0,0.0019534377301694047,0.08005892336759855,0.09914497069843405,0.08018701764498672,0.010183495052358537,0.0,0.003682710474909533,0.0,0.0007365420949819066,0.0,0.0,0.004034969737726967,0.0,0.0,0.003650686905562494,0.0,0.0006724949562878278,0.058410990488999906,0.0,0.0,0.33935376437057674,0.005636148205078938,0.0,0.016972491753930893,0.0,0.0,0.0,0.0008966599417171038,0.05126973452461011,0.0,0.15970154033368558,0.009158740833253274,0.005860313190508214,0.0016332020366990104,0.0029141448105805875,0.0,0.0,0.0,0.0007045185256348672,0.004387229000544401,0.00944695295737663,0.005764242482467096,0.0,0.0,0.0005764242482467096,0.0,0.0,0.0
"Control16",0.0014057546210444458,0.0027815995693007117,0.004546270263803314,0.000687922474128133,0.0028414189148770713,0.0003888257462463361,0.004097625171980619,0.0,0.05356822396362984,0.0007776514924926722,0.005264102410719626,0.0006281031285517737,0.005353831429084166,0.0119339594424837,0.0037087994257342825,0.00293114793324161,0.0020039480768080397,2.9909672788179698e-05,0.06376742238439911,0.00493509601004965,0.0032900640066997667,0.003260154333911587,0.004576179936591493,0.012322785188730036,0.058593048992044025,0.002063767422384399,0.008643895435783932,0.03134533708201232,0.016091403960040676,0.002572231859783454,0.006759586050128612,0.03927140037087994,0.03239217562959861,0.0028115092420888917,0.008434527726266674,0.0,0.00020936770951725787,0.43285278459053655,0.05449542382006341,0.031046240354130526,0.043279296524496025,0.01896273254770593,0.0022133157863252974,0.0007477418197044924,0.0008673805108572112,0.0,0.004306992881497876,0.0008673805108572112,0.00044864509182269545,0.0028414189148770713,0.001076748220374469,0.0017048513489262428,0.0,0.0,0.0
"Control6",0.00017304630719180452,0.006264276320343324,0.005606700353014467,0.005399044784384301,0.003945455803973143,0.0016612445490413236,0.009136845019727278,0.0001384370457534436,0.027064442444798227,0.003253270575205925,0.008098567176576452,0.0,0.0020419464248632936,0.008617706098151866,0.0005537481830137744,0.0011421056274659098,0.00024226483006852635,0.0,0.05461341454973351,0.03637433377171731,0.0013151519346577144,0.00266491313075379,0.0,0.012078632241987956,0.059735585242610925,0.0030110057451373986,0.0061604485360282416,0.0496642901640479,0.024572575621236242,0.001107496366027549,0.008721533882466949,0.008167785699453175,0.00038070187582196996,0.00031148335294524815,0.00647193188897349,0.0015574167647262407,0.0001384370457534436,0.4691285387969821,0.008652315359590226,0.013497611960960753,0.11725617775316675,0.001834290856233128,0.004429985464110196,0.0,0.0030456150065757597,0.0005191389215754136,0.01377448605246764,0.0015574167647262407,0.0001384370457534436,0.002595694607877068,0.0015920260261646016,0.0015920260261646016,0.0,0.0,0.0
"Control22",0.0,0.0,0.0,0.03177323294752219,0.0,0.0,0.0,0.0005899539274075739,0.1468142487919991,0.0,0.0,0.0,0.0,0.0,0.0,0.06652432857624452,0.001460838296437802,0.0,0.009748286324306101,0.0,0.00896168108776267,0.014411731655242161,0.0031183279020114618,0.005674794920777615,0.12897516574896056,0.012473311608045847,0.0,0.18285762445218565,0.010001123721766491,0.0,8.427913248679627e-05,0.009411169794358916,0.006264748848185189,0.001854140914709518,0.07335093830767501,0.08540285425328689,0.0003652095741094505,0.00460725924261153,0.155270255084841,0.0004494887065962468,0.00039330261827171594,0.014580289920215754,0.0,0.010282054163389145,0.0,0.00039330261827171594,0.002725025283739746,0.0,0.0002247443532981234,0.007219912349702214,0.0,0.000927070457354759,0.0028093044162265423,0.0,0.0
"Control11",0.008011243851018974,0.0007730147575544624,0.000140548137737175,0.006957132817990161,0.0,0.0004919184820801124,0.0,0.00028109627547435,0.27512297962052,0.09402670414617006,0.03506676036542516,0.009135628952916374,0.004356992269852425,0.015460295151089248,0.005551651440618412,0.0,0.00028109627547435,0.0,0.0005621925509487,0.0,0.004286718200983837,0.0027406886858749122,0.0,0.014054813773717497,0.09676739283204498,0.0,0.0,0.059522136331693606,0.026774420238931833,0.005762473647224174,0.0007027406886858749,0.004708362614195362,0.008573436401967675,0.009908643710470837,0.0179901616303584,0.01426563598032326,0.00035137034434293746,0.03176387912860155,0.14104005621925508,0.013352073085031623,0.011314125087842587,0.0,0.008573436401967675,0.0,0.0,0.0011946591707659873,0.016163035839775124,0.0008432888264230499,0.002670414617006325,0.027406886858749122,0.0,0.022839072382290933,0.00021082220660576247,0.0,0.0
"Control32",0.0,0.0,0.0,0.0,0.0,0.0,0.0,0.00031791448100460976,0.26931330472103004,0.017723732316006994,0.028135431568907965,0.014147194404705134,0.014783023366714354,0.02082339850580194,0.0,0.0,0.0,0.0,0.012438404069305357,0.0004768717215069146,0.0,0.0005563503417580671,0.0,0.007272293752980448,0.05992687966936894,0.001271657924018439,0.0009140041328882531,0.026943252265140678,0.013272929581942457,0.0007947862025115244,0.0020664441265299633,0.00011921793037672866,0.0,0.0,0.006874900651724686,0.0003973931012557622,0.0,0.134000953743443,0.3171594341122238,0.02269114608170402,0.004252106183436656,0.0,0.01661103163249086,0.0,0.0,0.0,0.000357653791130186,0.00015895724050230488,0.0019074868860276585,0.0,0.0020664441265299633,0.0022254013670322684,0.0,0.0,0.0
"Control10",0.0,0.0,0.0005480865331914756,0.0,0.0013218557565206177,0.004384692265531805,0.0009349711448560467,0.0,0.4022955153625431,0.012573749879098558,0.022278105555018215,0.0021278653641551406,0.0231485959312635,0.018763903665731694,0.0,0.011477576812715608,0.0007092884547183802,0.0,0.0010316922977721894,0.00019344230583228552,0.007898894154818325,0.021858980559048263,0.0,0.0025792307444304735,0.026727278589160783,0.00022568269013766644,0.00025792307444304734,0.2595350936583164,0.012928394106457748,0.0,0.011735499887158655,0.00019344230583228552,0.0,0.0,0.04033272076603153,0.00012896153722152367,0.0007415288390237611,0.006609278782603089,0.00029016345874842826,0.01927974981461779,0.00315955766192733,0.0,0.0238256440016765,0.00025792307444304734,0.0017409807524905697,0.00022568269013766644,0.004868298030112519,0.0008704903762452848,0.010703807589386466,0.03730212464132573,0.0029016345874842827,0.0,0.0010316922977721894,0.0,0.0
"Control17",0.0006755235307363207,0.0,0.013560509394780955,0.0021516675423453174,0.0013260276714453702,0.0004003102404363382,0.01275988891390828,0.0,0.1554955090194901,0.010182891741099351,0.020415822262253247,0.0034276564337361454,0.005078936175536041,0.016888088268408017,0.001676299131827166,0.0,0.0,0.0,0.050113838224624084,0.005904576046435988,0.00012509695013635568,0.0015261827916635393,0.003102404363381621,0.008681728339463084,0.09732542720608471,0.0008006204808726764,0.006279866896845055,0.04120693537491556,0.03255022642547975,0.004428432034826991,0.003127423753408892,0.015587079986989917,0.008031224198754034,0.004303335084690635,0.017713728139307963,0.0,0.0,0.258650454101929,0.0604968850859416,0.0207160549425805,0.09287197578123045,0.0,0.007005429207635918,0.0,0.0024519002226725713,0.0001501163401636268,0.007030448597663189,0.0,0.0,0.005504265805999649,0.00027521329029998247,0.0,0.0,0.0,0.0
"Control20",0.01019102352311594,0.0026059238232625237,0.009516275390306894,0.015519207054608065,0.0002094045929407385,0.0006980153098024616,0.0,0.0003490076549012308,0.06419414132483306,0.007701435584820494,0.012680611461411386,0.0007678168407827078,0.002210381814374462,0.012122199213569418,0.0,0.0039088857348937855,0.008352916540636125,0.0004886107168617232,0.029130505595756067,0.0002094045929407385,0.01640335978035785,0.022685497568580005,0.0005816794248353847,0.05076898019963238,0.23823262523558017,0.004095023150841108,0.020963726471067267,0.13541497010167755,0.01658949719630517,0.002047511575420554,0.01800879499290351,0.0032574047790781546,0.0011866260266641848,0.0027222597082296007,0.019032550780613788,0.00016287023895390773,0.0012796947346378465,0.11626608343609669,0.07794504292794155,0.005933130133320924,0.035761651038879454,0.004746504106656739,0.0005351450708485539,0.0003955420088880616,0.0016287023895390773,0.00011633588496707694,0.007561832522860001,0.00018613741594732312,0.0,0.010237557877102772,0.0006049466018288001,0.0011866260266641848,0.0026059238232625237,0.0,0.0
"Control24",0.00025075225677031093,0.0,0.005892678034102307,0.0006895687061183551,0.00025075225677031093,0.0,0.013227181544633902,0.0,0.09415747241725175,0.008650952858575728,0.007898696088264795,0.013039117352056168,0.007397191574724173,0.03554413239719158,0.0015672016048144434,0.005077733199598797,0.0,6.268806419257773e-05,0.015170511534603812,0.00037612838515546637,0.0014418254764292878,0.002570210631895687,0.0015045135406218655,0.010406218655967903,0.08161985957873621,0.0007522567703109327,0.001880641925777332,0.012851053159478435,0.04689067201604814,0.0012537612838515546,0.0,0.031845536609829486,0.051090772316950854,0.005328485456369107,0.0012537612838515546,0.0,0.0,0.2676780341023069,0.193141925777332,0.03065446339017051,0.016549648946840523,0.00037612838515546637,0.0015672016048144434,0.002382146439317954,0.0,0.0013164493480441325,0.0,0.0,0.00018806419257773319,0.009528585757271816,0.0024448345035105318,0.010155466399197594,0.004074724172517552,0.0,0.0
"Control31",0.014594296014187283,0.0013082536267697764,0.0743088060005233,0.01537924819024915,0.0031398087042474633,0.0005523737535250167,0.008576329331046312,0.0,0.02721167543681135,0.0005814460563421228,0.0027909410704421897,0.00407012239439486,0.0007268075704276536,0.002005988894380324,0.0009012413873302905,0.0002616507253539553,0.00043608454225659216,0.0,0.02072855190859668,0.0008430967816960782,0.0011628921126842456,0.016454923394482075,0.0014826874436724134,0.02881065209175219,0.1414367532052214,0.004796929964822514,0.011483559612756926,0.06759310404977178,0.025351048056516556,0.005145797598627788,0.00790766636625287,0.006366834316946245,0.0,0.0002616507253539553,0.024159083641015204,0.0005233014507079106,0.0,0.18565572579003983,0.1145448730993982,0.016687501817018925,0.13283135157135798,0.0,0.007820449457801552,0.0,0.0023548565281855975,0.0,0.014012849957845162,0.0,0.0,0.004564351542285665,0.00017443381690263686,0.0,0.0,0.0,0.0
"Control1",0.0,0.0019817677368212444,0.006658739595719381,0.00023781212841854935,0.0,0.0004756242568370987,0.010225921521997621,0.0,0.17558462148236226,0.0049147839873166866,0.004597701149425287,0.007609988109393579,0.003012286959968292,0.0030915576694411414,0.000713436385255648,0.0,0.006658739595719381,0.0,0.013713832738803012,0.0,0.02584225128814903,0.01109789932619897,0.0008719778042013476,0.01403091557669441,0.059294490685691634,0.0,0.0035671819262782403,0.05342845818470075,0.016409036860879904,0.008164883075703528,0.0075307173999207295,0.020293301625049543,0.0012683313515655964,0.0027744748315497426,0.008719778042013475,0.0007927070947284979,0.0029330162504954418,0.2690447879508522,0.12318668252080855,0.013238208481965913,0.007847800237812128,0.0004756242568370987,0.027348394768133173,0.0009512485136741974,0.0,0.0,0.006817281014665081,0.0,0.0,0.05160523186682521,0.0007927070947284979,0.0017439556084026951,0.020451843043995242,0.0,0.0
"Control8",0.00023940627244433804,0.00122363205915995,0.04040645864921661,0.008592025111057909,0.0006384167265182347,0.000611816029579975,0.010055063442662198,0.0,0.05019551512249621,0.002580267603011199,0.01228952198547602,0.003990104540738967,0.0003458090601973772,0.008006809778416194,0.00031920836325911736,0.007102386082515362,0.0002926076663208576,2.660069693825978e-05,0.03827840289415583,0.00021280557550607825,0.011677705955896045,0.009070837655946585,0.0036176947836033305,0.017263852312930598,0.1560928896337084,0.0028462745723937966,0.011305296198760407,0.06916181203947544,0.019711116431250498,0.0030856808448381347,0.008033410475354455,0.013672758226265529,0.019099300401670523,0.007767403505971856,0.018780092038411408,0.0013566355438512489,0.0012768334530364695,0.18019312105977175,0.08006809778416195,0.005054132418269359,0.1281089564546591,0.00853882371718139,0.0,0.0,0.0017822466948634054,0.00023940627244433804,0.019232303886361823,0.0,0.0006384167265182347,0.008166413960045754,0.0,0.00848562232330487,0.00026600696938259785,0.0,0.0
"ADHD5",0.0,0.0,0.0,0.0,0.00014335889900365565,0.00043007669701096695,0.0,0.0053042792631352595,0.27058992186940006,0.05246935703533797,0.05232599813633431,0.032470790624328005,0.021503834850548346,0.006236112106659021,0.004802523116622465,0.0002867177980073113,0.0,0.0,0.0082431366927102,0.0,0.0007167944950182783,0.00659450935416816,0.0010751917425274175,0.011755429718299763,0.13117339258834493,0.0005734355960146226,0.0009318328435237618,0.061070890975557304,0.028241703103720164,0.0,0.00164862733854204,0.03447781521037918,0.00014335889900365565,0.0005734355960146226,0.008673213389721168,0.02050032255752276,0.0,0.08278976417461113,0.005232599813633432,0.03985377392301627,0.021002078704035552,0.0,0.023582538886101356,0.0,0.0,0.0,0.0011468711920292452,0.003655651924593219,0.0010035122930255895,0.05677012400544764,0.0,0.002007024586051179,0.0,0.0,0.0
"Control14",0.0,0.0,0.0,0.01380694604951037,0.0,0.0,0.0,0.0,0.31537011130709813,0.008758591326561645,0.024451067453317925,0.02159236056200961,0.021774831214646313,0.01757800620400219,0.00200717717900371,0.00048658840703120245,0.002737059789550514,0.0,0.0014597652210936074,0.0,0.0011556474666991059,0.003162824645702816,0.0015205887719725079,0.0020680007298826105,0.07000790706161426,0.0,0.0,0.027005656590231738,0.012894592786326866,0.0,0.014901769965330576,0.016361535186424185,0.01727388844960769,0.01763882975488109,0.01563165257587738,0.013137886989842466,0.0004257648561523022,0.0973785049571194,0.13411592968797517,0.031080834499118058,0.003162824645702816,0.001581412322851408,0.0,0.006873061249315735,0.0,0.0018855300772459096,0.0010948239158202057,0.00030411775439450153,0.000790706161425704,0.06757496502645824,0.002128824280761511,0.004196825010644121,0.0046225898667964236,0.0,0.0
"Control30",0.0002226923505177597,0.0,0.0,0.0035259622165311954,0.0,0.0005196154845414394,0.0,0.0,0.37902238058122706,0.00018557695876479977,0.042163085031362506,0.0154771183609843,0.00011134617525887985,0.013287310247559664,0.0001484615670118398,0.0009278847938239989,0.0,3.711539175295995e-05,0.00805404001039231,0.0,0.00033403852577663955,0.0001484615670118398,0.0009278847938239989,0.005418847195932153,0.07315443714508407,0.0019300003711539176,0.0004453847010355194,0.05838251122740601,0.009056155587722228,0.00018557695876479977,0.005567308762943993,0.018186541958950378,0.0059755780722265525,0.009056155587722228,0.00783134765987455,0.0013361541031065582,0.0,0.183498496826634,0.1107523289908325,0.010986155958876146,0.020265003897116135,0.002189808113424637,0.0,0.0,0.0,0.0005938462680473592,0.0011505771443417584,0.000816538618565119,0.0002226923505177597,0.0036001930000371155,0.004305385443343354,0.0,0.0,0.0,0.0
"Control12",0.0,0.0,0.007210750573582432,0.001092537965694308,0.0014749262536873156,0.0,0.006391347099311701,0.0,0.34267453294001965,0.0016661203976838196,0.04107942751010597,0.0,0.031738227903419645,0.042499726865508576,0.0,0.00030044794056593467,0.0,2.7313449142357696e-05,0.03580793182563094,0.0,0.0002458210422812193,0.000273134491423577,0.0015841800502567464,0.0051076149896208895,0.0666994428056375,0.00030044794056593467,0.004342838413634874,0.052824210641319785,0.016251502239702828,0.0007101496777013001,0.00043701518627772313,0.014558068392876652,0.006309406751884628,0.003523434939364143,0.0030317928548017044,0.0,0.0,0.09505080301540479,0.14896755162241887,0.00936851305582869,0.012154484868349176,0.0,0.007265377471867148,0.00016388069485414618,0.0,0.00030044794056593467,0.0014749262536873156,0.0,0.0,0.029471211624603956,0.0027586583633781273,0.00016388069485414618,0.0046979132524855235,0.0,0.0
"ADHD21",0.0018373464848660671,0.00012087805821487284,0.0,0.0007494439609322115,0.0001450536698578474,0.00024175611642974568,0.0029252490087999226,0.0002901073397156948,0.23438255487863843,0.016560293975437578,0.02021081133352674,0.007155981046320472,0.008775747026399768,0.09950681752248332,0.005777971182670922,0.0005802146794313896,0.0,0.0,0.013175708345421139,0.010008703220191472,0.0014263610869354995,0.0017164684266511943,0.0008703220191470844,0.011096605744125326,0.09747606614447346,0.0032153563485156174,0.00111207813557683,0.0491490184701673,0.01286142539406247,0.0027076685040131514,0.0016439415917222705,0.015496567063146697,0.0011604293588627793,7.25268349289237e-05,0.024344840924475388,0.0,0.00016922928150082196,0.16277439319214776,0.02277342616768204,0.015303162170002901,0.1204428972052993,0.004037327144376753,0.0,0.0,0.0010153756890049319,0.0006769171260032879,0.00012087805821487284,0.0008219707958611352,0.0002175805047867711,0.015182284111788028,0.002175805047867711,0.0008461464075041099,0.0,0.0030944782903007447,0.0035538149115172616
"ADHD4",0.0040589794565937705,0.0004970178926441351,0.018058316766070247,0.0013253810470510272,0.0019880715705765406,0.0,0.005881378396288933,0.0,0.0064612326043737576,0.0004970178926441351,0.0031477799867461894,0.0018223989396951624,0.0019880715705765406,0.007538104705102717,0.00041418157720344597,0.0009940357852882703,0.0008283631544068919,0.0,0.04266070245195494,0.002982107355864811,0.0021537442014579193,0.013916500994035786,0.0,0.03189198144466534,0.09319085487077534,0.0,0.00207090788601723,0.033631544068919814,0.06602054340622929,0.004555997349237906,0.00828363154406892,0.008697813121272366,0.002567925778661365,0.01242544731610338,0.008697813121272366,0.0005798542080848244,0.0,0.4302518223989397,0.08001988071570576,0.026341948310139165,0.04257786613651425,0.009940357852882704,0.0,0.0,0.005550033134526176,0.0,0.0,0.0,0.0,0.005218687872763419,0.0022365805168986083,0.005632869449966865,0.0,0.0,0.0024022531477799866
"ADHD15",0.01007280603324548,0.0012264815636335168,0.0073588893818011016,0.003940398215077894,0.0016961979071527362,0.003888207510242426,0.02400772422431565,0.0,0.05701834503274967,0.0007045745152788288,0.011142715482372589,0.0022442003079251585,0.003627253986065082,0.012343101693588371,0.0002870488765950784,0.0003131442290128128,0.0010177187442916417,2.6095352417734403e-05,0.010829571253359777,0.0020615328410010176,0.005714882179483834,0.013099866913702669,0.0012786722684689858,0.014613397353931265,0.10495550742412776,0.0029487748232039875,0.005480024007724224,0.04496229221575637,0.01174290858798048,0.0,0.008663657002687822,0.012786722684689857,0.015396257926463297,0.0009394326870384384,0.0007567652201142976,0.004279637796508442,0.0007045745152788288,0.43558362255682265,0.054904621486913184,0.020171707418908693,0.05485243078207771,0.01889303515043971,0.0,0.0,0.001826674669241408,0.0012264815636335168,0.000521907048354688,0.0008872419822029697,0.000260953524177344,0.005140784426293677,0.002713916651444378,0.000260953524177344,0.0,0.0,0.0006262884580256256
"Control2",0.00022411976960487684,0.0,0.0,0.0028014971200609608,0.0,0.0,0.00022411976960487684,0.0026446132813375467,0.14135233868979583,0.0,0.05396804052085435,0.0,0.01131804836504628,0.008202783567538492,0.0,0.0036531522445594927,0.0,8.964790784195073e-05,0.011474932203769694,0.0,0.0019498419955624286,0.0007395952396960936,0.000784419193617069,0.009032026715076536,0.15910262444250206,0.004235863645532172,0.01685380667428674,0.19168963894305116,0.02496694233398328,0.00638741343373899,0.04247069634012416,0.0049306349313072905,0.0014343665254712118,2.2411976960487684e-05,0.02429458302516865,0.023263632084986215,0.00011205988480243842,0.11988166476164863,0.07886774692395616,0.008494139268024833,0.003720388175440956,0.0,0.00900961473811605,0.0,0.0003137676774468276,0.0007620072166565813,0.008001075774894104,0.0020843138573253548,0.005356462493556557,0.013873013738541877,0.001411954548510724,0.0,0.0,0.0,0.0
"Control25",0.0001234110823151919,0.0001234110823151919,0.024929038627668765,0.0,0.0033629519930889794,0.00015426385289398989,0.013883746760459089,0.00018511662347278786,0.05081451314328027,0.003548068616561767,0.01629026286560533,0.008175984203381463,0.008577070220905838,0.057201036653091446,0.0046896211279772925,0.008762186844378626,0.0004319387881031717,6.170554115759595e-05,0.05970011106997408,0.0020671356287794646,0.00033938047636677775,0.004350240651610515,0.0,0.02085647291126743,0.13167962483030976,0.0020671356287794646,0.009687769961742565,0.03449339750709614,0.019714920399851905,0.0016969023818338886,0.0037023324694557573,0.10486856719733433,0.007589781562384302,0.0007404664938911515,0.0002776749352091818,0.0002776749352091818,0.0,0.2014685918795508,0.01585832407750216,0.027921757373812167,0.10190670122176972,0.029402690361594472,0.0,0.0005862026409971616,0.0017894606935702827,0.00046279155868196966,0.004843884980871282,0.0,0.00030852770578797977,0.010027150438109343,0.0,0.0,0.0,0.0,0.0
"ADHD20",0.0009756802659632132,0.0,0.0,0.0006143172044953565,0.0,0.0,0.0,0.0,0.456582228164637,0.12785025114732773,0.05308423372962816,0.0,0.058468543345499224,0.0,0.0,0.009539984822751419,0.0,0.0,0.0,0.0,0.0,0.0014093159397246414,0.0,0.008961803924402847,0.04527879160192245,0.0,0.0,0.038412893434033174,0.003216131247063925,0.0010840891844035702,0.006359989881834279,0.0,0.0,3.613630614678568e-05,0.002565677736421783,0.021067466483576047,0.0,0.001228634408990713,0.0004336356737614281,0.003360676471651068,0.0,0.0,0.030715860224767823,0.0,0.0,0.0,0.0011202254905503558,0.0,0.0,0.010407256170274274,0.0,0.05640877389513244,0.0,0.06081740324504029,0.0
"ADHD23",0.0,0.0,0.0,0.0,0.0,0.0010373892370866653,0.0,0.0010373892370866653,0.04663929111735466,0.021828398530365247,0.007088826453425546,0.006008212664793603,0.0,0.00700237735033499,0.00038902096390749946,0.006526907283336936,0.0,0.0,0.012794467257402204,0.0,0.0,0.0,0.0,0.01685757510265831,0.2108493624378647,0.0051004970823427705,0.0009509401339961098,0.43712988977739353,0.03980981197320078,0.0,0.03522800950940134,0.0,0.00034579641236222173,0.0,0.05078884806570132,0.003674086881348606,0.0,0.040285282040198836,0.006613356386427491,0.007477847417333045,0.013356386427490815,0.0,0.002852820401988329,0.0,0.0008212664793602766,0.0,0.0027231467473524964,0.0,0.0017289820618111088,0.0023773503349902745,0.00038902096390749946,0.004236006051437216,0.0,0.005748865355521936,0.000302571860816944
"ADHD25",0.0019994718376277966,0.0005281623722035688,0.0025276342098313653,0.009356019164748933,0.00022635530237295808,0.001094050628135964,0.004413928396272682,0.00015090353491530538,0.14486739351869318,0.04191345682272607,0.04828913117289772,0.00015090353491530538,0.0015844871166107066,0.02542724563322896,0.0,0.007507450862036443,0.00011317765118647904,3.7725883728826346e-05,0.037046817821707476,0.0006413400233900479,0.0002640811861017844,0.0022258271400007546,0.0118836533745803,0.019127023050514957,0.15505338212547629,0.007771532048138228,0.009356019164748933,0.16799336024446374,0.03783906138001283,0.0028671671633908025,0.010261440374240767,0.005432527256950994,0.0003395329535594371,7.545176745765269e-05,0.011732749839664994,0.0015090353491530538,0.0,0.07756441694646697,0.06779341306070094,0.014184932282038707,0.020183347794922098,0.018900667748142,0.0,0.0,0.00196174595389897,0.00022635530237295808,0.019051571283057307,0.0,0.00022635530237295808,0.006564303768815784,0.0008299694420341796,0.00018862941864413173,0.0,0.0007167917908477006,0.0
"ADHD27",0.0,0.0,0.0,0.0,0.0,0.0,0.0,0.0003712149334464655,0.3145251100387124,0.0009015219812271305,0.15522087288540065,0.015007689452192819,0.01575011931908575,0.00530307047780665,0.0006893991621148645,0.003287903696240123,0.0,0.0,0.020204698520443338,0.0002651535238903325,0.0,0.0,0.0004772763430025985,0.0028106273532375247,0.07381874105106857,0.0,0.0,0.019144084424882007,0.014583443813968288,0.003818210744020788,0.012091000689399162,0.018825900196213607,0.0,0.0019621360767884603,0.0316593307525057,0.0018560746672323274,0.0,0.13337222251683725,0.008272789945378374,0.024447154902688655,0.007053083735482845,0.0,0.051174630110834174,0.0,0.0,0.0009015219812271305,0.005780346820809248,0.017447101871983877,0.0,0.023598663626239594,0.0031288115819059236,0.0056212547064750495,0.0,0.0028106273532375247,0.003818210744020788
"ADHD17",0.038788009025464705,0.008273342645320727,0.0014505211131406468,0.013377028043408188,0.00026861502095197165,0.0,0.006016976469324165,0.00026861502095197165,0.41028258300204146,0.05947136563876652,0.08284087246158806,0.02530353497367573,0.0,0.06543461910390029,0.008004727624368754,0.0,0.0,0.0,0.001289352100569464,0.0,0.000161169012571183,0.001289352100569464,0.0,0.0151498871816912,0.10073063285698937,0.0,0.0,0.039271516063178254,0.016331793273879874,0.0030084882346620824,0.0038680563017083917,0.004888793381325884,0.0,0.0018803051466638014,0.017674868378639734,0.0030622112388524764,0.0,0.007252605565703234,0.008165896636939937,0.011335553884173203,0.00021489201676157732,0.0006983990544751263,0.0,0.0,0.000161169012571183,0.0005909530460943376,0.0003760610293327603,0.0,0.0,0.04142043623079403,0.0,0.000322338025142366,0.0,0.0010744600838078866,0.0
"ADHD3",0.0,0.0,0.030441028148782055,0.011583483602799597,0.0005195757816559186,0.0006723921880253064,0.0110333445398698,0.0,0.09716067116965678,0.02772089611540695,0.06693358598979186,0.01467037501146123,0.0020783031266236743,0.025428650019866134,0.0019254867202542865,0.0,0.0010085882820379595,3.056328127387756e-05,0.08530211803539228,0.002597878908279593,0.00021394296891714295,0.005715333598215105,0.0066933585989791865,0.008099269537577555,0.08166508756380085,0.012103059384455515,0.0018643601577065314,0.05660319691922125,0.015984596106237967,0.0016504171887893884,0.006540542192609799,0.008710535163055106,0.006540542192609799,0.005409700785476329,0.004615055472355512,0.0003361960940126532,0.0,0.24010513768758213,0.07579693755921636,0.00916898438216327,0.036309178153366546,0.0018337968764326538,0.0,0.0,0.0021088664078975517,0.00030563281273877566,0.010055319539105718,0.0,0.00012225312509551024,0.017390507044836332,0.0016504171887893884,0.0008863351569424493,0.0,0.0012836578135028576,0.0011308414071334698
"ADHD12",0.006303704747147486,0.005317650373292013,0.0,0.005212001690378927,0.0002465135934638681,0.0004225947316523454,0.0,0.0003521622763769545,0.31458656148753344,0.0002112973658261727,0.030321171996055784,0.008627975771235386,0.003662487674320327,0.04623890688829413,0.004296379771798845,0.0009156219185800817,0.0,7.04324552753909e-05,0.019826736160022538,0.00031694604873925907,0.0002817298211015636,0.00017608113818847726,0.004507677137625018,0.014579518242005917,0.1230102831384702,0.002570784617551768,0.014966896746020567,0.06374137202422876,0.02253838568812509,0.007923651218481476,0.00588111001549514,0.009895759966192422,0.0011973517396816453,0.0005986758698408226,0.03916044513311734,0.0026412170728271588,0.0,0.09621073390618397,0.05440907170023947,0.017150302859557685,0.01697422172136921,0.0006338920974785181,0.0032398929426679813,0.0,0.001408649105507818,0.0004930271869277363,0.019087195379630936,0.0004225947316523454,0.0,0.01950979011128328,0.003134244259754895,0.0,0.0,0.004437244682349626,0.0022890547964502044
"ADHD14",0.0014252533783783783,0.0,0.004275760135135135,0.0005806587837837838,0.009554476351351352,0.0,0.013302364864864864,0.0,0.001319679054054054,0.0,0.000316722972972973,0.002533783783783784,0.000316722972972973,0.001002956081081081,0.0,0.0004750844594594595,0.0,0.00021114864864864866,0.06804265202702703,0.004698057432432432,0.0072846283783783786,0.014991554054054054,0.00036951013513513516,0.034364442567567564,0.16152871621621623,0.0,0.0071790540540540545,0.1565139358108108,0.053315033783783786,0.010082347972972973,0.013355152027027027,0.0036951013513513513,0.0027977195945945946,0.0029032939189189188,0.028610641891891893,0.00021114864864864866,0.000950168918918919,0.24092060810810811,0.05759079391891892,0.017155827702702704,0.03637035472972973,0.0065983952702702705,0.022170608108108107,0.0,0.009976773648648648,0.0,0.0,0.0,0.0,0.002533783783783784,0.0,0.0,0.0,0.0001583614864864865,0.000316722972972973
"ADHD13",0.0,0.0,0.0,0.0,0.0,0.0,0.003204254158712844,0.0,0.1349195527679302,0.001977092991546223,0.007431142623397873,0.012067084810471775,0.010089991818925552,0.010294518680119989,0.00109080992637033,0.0003408781019907281,0.0,0.0012271611671666213,0.04376874829560949,0.0,0.0,0.0010226343059721844,0.00109080992637033,0.0077038451049904555,0.12244341423506953,0.0,0.0,0.01963457867466594,0.008590128170166349,0.0051813471502590676,0.0006817562039814562,0.0010226343059721844,0.0010226343059721844,0.005726752113444232,0.00109080992637033,0.0004772293427870194,0.0,0.23084265066812107,0.22886555767657485,0.02822470684483229,0.008999181892555223,0.0,0.08583310608126533,0.0,0.0,0.0,0.002386146713935097,0.0,0.0,0.009680938096536678,0.00040905372238887375,0.0,0.0,0.0,0.002658849195527679
"ADHD28",0.00019734570033055405,0.004144259706941635,0.00695643593665203,0.0064137352607430064,0.0005920371009916621,0.0,0.005180324633677044,0.0,0.04474813754995313,0.007597809462726331,0.0010360649267354089,0.006265725985495091,0.0010360649267354089,0.03685430953673097,0.0012827470521486013,0.00024668212541319255,0.00014800927524791552,4.933642508263851e-05,0.1584685973654349,0.00661108096107356,0.0024174848290492872,0.003946914006611081,0.0003946914006611081,0.00764714588780897,0.03438748828259904,0.00014800927524791552,0.002022793428388179,0.012087424145246436,0.008239182988800631,0.0024174848290492872,0.005081651783511767,0.008189846563717993,0.002516157679214564,0.002614830529379841,0.005723025309586067,0.0007400463762395776,0.00024668212541319255,0.40978834673639547,0.09635403818639302,0.022793428388178993,0.045192165375696876,0.02022793428388179,0.004144259706941635,0.0,0.0007400463762395776,0.00014800927524791552,0.00029601855049583105,0.0,0.0,0.010854013518180473,0.0009373920765701317,0.00024668212541319255,0.0,0.0,0.0016281020277270708
"ADHD8",0.0,0.0,0.0,0.012769016109255422,0.00012684453088664327,0.00012684453088664327,0.0,0.00025368906177328655,0.2308993277239863,0.05661494228573845,0.02545346919791975,0.008794554141473933,0.020421969472749567,0.13043845926176484,0.006299945034036616,0.0,0.0,0.0,0.014206587459304046,0.0005073781235465731,0.0,0.0008033486956154074,0.0004228151029554776,0.004397277070736966,0.04697475793835356,0.001902667963299649,0.0038898989471903935,0.08139190731892944,0.0017758234324130057,0.0,0.013107268191619805,0.0065959156061054505,0.0018603864530041014,0.002748298169210604,0.003805335926599298,0.006384508054627711,0.0,0.17779375079277832,0.054965963384212085,0.020083717390385183,0.030654094964272124,0.0033825208236438207,0.0,0.0,0.0006765041647287641,0.0008033486956154074,0.006553634095809903,0.0,0.004735529153101349,0.010654940594478034,0.0028328611898017,0.0002959705720688343,0.0,0.0035939283751215594,0.0
"ADHD16",0.0,0.0002737925747453729,0.0018344102507939985,0.001040411784032417,0.001040411784032417,0.000657102179388895,0.003559303471689848,0.00013689628737268645,0.1625506516263279,0.013689628737268646,0.0021355820830139087,0.0029843390647245646,0.0010130325265578798,0.008378052787208412,0.0011225495564560289,0.008514949074581097,0.00013689628737268645,0.0004106888621180594,0.030199320994414632,0.0,0.0,0.0,0.005941298871974592,0.022806921476289564,0.17257145986200853,0.0,0.020178512758733985,0.14204358777789947,0.017440587011280255,0.010458876355273245,0.010869565217391304,0.0038057167889606835,0.018946446172379804,0.0016153761909977,0.018919066914905268,0.0015332384185740883,0.0,0.21259993428978205,0.027817325594129888,0.006351987734092651,0.026640017522724782,0.004024750848756982,0.0002737925747453729,0.0,0.001423721388675939,0.0002737925747453729,0.027023327127368307,0.0,0.0,0.006078195159347278,0.00035593034716898477,0.0,0.0,0.0003285510896944475,0.0
"ADHD18",0.0,0.0,0.0038456688942125833,0.006808725255327197,0.0,0.0005673937712772665,0.0023326188374732065,0.00018913125709242213,0.063169839868869,0.16095069978565124,0.0,0.0023326188374732065,0.0,0.0,0.008069600302610011,0.00025217500945656286,0.0,0.0,0.034547976295549114,0.0,0.0006304375236414071,0.002584793846929769,0.010465262892447359,0.01235657546337158,0.11877442945404111,0.00025217500945656286,0.00025217500945656286,0.0512545706720464,0.0213718320514437,0.004223931408397428,0.014815281805573068,0.025280544698020425,0.0005673937712772665,0.00037826251418484426,0.018534863195057368,0.0011978312949186736,0.00012608750472828143,0.24416845290631697,0.051002395662589836,0.021308788299079562,0.017778338166687682,0.004728281427310553,0.0,0.0,0.00025217500945656286,0.00037826251418484426,0.005863068969865087,0.0,0.0005043500189131257,0.06531332744924978,0.002458706342201488,0.0005043500189131257,0.0,0.01960660698524776,0.0
"ADHD19",0.004505211251821136,0.00020172587694721505,0.011050095259441891,0.005827636445141769,0.01120699316373417,0.0014569091112854422,0.03382270536814973,0.0010086293847360753,0.07609548358175501,0.0012103552616832905,0.012551832343382271,0.004572453210803541,0.0021965706600918975,0.018850162501400876,0.0011655272890283537,0.008741454667712653,0.000784489521461392,0.0006275916171691135,0.09584220553625462,0.026695057716014794,0.017370839403787964,0.003474167880757593,0.0005155216855317719,0.0033620979491202512,0.07593858567746274,0.003989689566289365,0.0033172699764653143,0.06000224139863275,0.07914378572229071,0.005110388882662782,0.0006500056034965819,0.00999663790205088,0.0013672531659755687,0.0034069259217751877,0.024476073069595428,0.004931076992043035,0.001053457357391012,0.145489185251597,0.011386305054353917,0.016810489745601256,0.15996862041914153,0.006769023870895439,0.0038103776756696177,0.0,0.0041690014569091115,0.00026896783592962007,0.013089768015241511,0.012103552616832904,0.0011655272890283537,0.002712092345623669,0.001568979042922784,0.003474167880757593,0.0,0.0,0.0006948335761515186
"ADHD26",0.0012800819252432156,0.005529953917050691,0.030414746543778803,0.04900153609831029,0.0016897081413210445,0.0,0.01945724526369688,0.00015360983102918587,0.02667690732206861,0.0,0.01152073732718894,0.002713773681515617,0.0002048131080389145,0.0009216589861751152,0.001638504864311316,0.0022017409114183308,0.0006656426011264721,0.0,0.03087557603686636,0.0009728622631848438,0.029697900665642603,0.023809523809523808,0.0039938556067588326,0.056733230926779316,0.11152073732718894,0.0,0.004659498207885305,0.0937532002048131,0.02724014336917563,0.010343061955965183,0.01525857654889913,0.002304147465437788,0.004454685099846391,0.006195596518177164,0.01669226830517153,0.0032258064516129032,0.002560163850486431,0.22688172043010751,0.034101382488479264,0.01746031746031746,0.09994879672299027,0.009575012800819252,0.0022529441884280594,0.0,0.006195596518177164,0.0,0.0,0.0009216589861751152,0.0,0.0032258064516129032,0.000819252432155658,0.0,0.0,0.0,0.0002560163850486431
"ADHD7",0.0007040014534223554,0.0008856792478539311,0.10357905255030204,0.0023163918790025887,0.001294454285324976,0.00024980696734341646,0.024662760594086387,0.0,0.019212426761139118,0.00186219739292365,0.002089294635963119,0.0014080029068447109,0.00047690421038288597,0.0059953672162419945,0.00047690421038288597,0.00565472135168279,0.0,0.0008175500749420902,0.015374483353772086,0.0009538084207657719,0.023254757687241678,0.012944542853249762,0.0017259390470999681,0.047258936276513605,0.22285052459463142,0.0006812917291184085,0.020188944906208837,0.06354180860244357,0.015215515283644456,0.002838715537993369,0.003111232229640732,0.014534223554526047,0.020938365808239087,0.0015896807012762866,0.016509969568969433,0.0001816777944315756,0.0020438751873552256,0.17463777989735205,0.12703819775627923,0.006676658945360403,0.010764409320070854,0.0025661988463460054,0.00915201889449062,0.0,0.0021120043602670664,0.00024980696734341646,0.002634328019257846,0.0002725166916473634,0.0,0.004632783758005177,0.0,0.0002270972430394695,0.0,0.0,0.0016123904255802334
"ADHD9",0.0,0.0,0.01224850576647866,0.02001431096893678,0.00021045542554087043,0.0003367286808653927,0.006229480596009765,0.000505093021298089,0.05560232342789797,0.011385638521761091,0.018036029968852597,0.001010186042596178,0.0035777422341947977,0.006797710244970116,0.0009891405000420912,0.0013048236383533967,0.000968094957488004,0.00016836434043269636,0.013805875915481101,0.0002735920532031316,0.0008418217021634817,0.0015994612341106154,0.0007155484468389595,0.028664028958666554,0.19679686842326796,0.0030305581277885346,0.009765131745096389,0.11118360131324186,0.014900244128293627,0.0029463759575721863,0.006439936021550636,0.029379577405505515,0.005745433117265763,0.0014942335213401802,0.012059095883491876,0.0025886017341527063,0.0,0.20736173078541964,0.08405589696102365,0.011701321660072397,0.09228470409967168,0.0,0.003788197659735668,0.0,0.0011154137553666134,0.0,0.011617139489856048,0.0001473187978786093,0.0006945029042848725,0.004440609478912366,0.0002735920532031316,0.0,0.0,0.00039986530852765385,0.000505093021298089
"ADHD6",0.016677454974679207,0.019228572516468034,0.00026653466854510146,0.007120283288276282,0.00011422914366218635,0.0001903819061036439,0.024026196550279863,0.0016372843924913375,0.08586223965274341,0.0037695617408521494,0.009024102349312722,0.006358755663861707,0.002474964779347371,0.005559151658226402,0.0,0.010471004835700416,0.0,0.0001903819061036439,0.0002284582873243727,0.00015230552488291514,0.0009899859117389483,0.00015230552488291514,0.0009899859117389483,0.0691847846780642,0.30023226592544644,0.0,0.008072192818794502,0.2058409168792598,0.026158473898640674,0.0,0.007272588813159197,0.0,0.0009899859117389483,0.0037314853596314207,0.06084605719072459,0.0037314853596314207,0.00015230552488291514,0.02810036934089784,0.060122605947530744,0.0037314853596314207,0.009937935498610212,0.0013707497239462362,0.0059018390892129615,0.0,0.0003807638122072878,0.0,0.0007996040056353044,0.0006853748619731181,0.0004569165746487454,0.0059018390892129615,0.0005330693370902029,0.0,0.0,0.0,0.0003807638122072878
"ADHD24",0.001296386323124291,0.01681251012801815,0.2022362664073894,0.02009398800842651,0.0024307243558580457,0.0006481931615621455,0.03945875871009561,0.00016204829039053638,0.022322152001296388,0.00032409658078107277,0.004699400421325555,0.0019850915572840705,0.0009722897423432182,0.007697293793550478,0.0006887052341597796,0.00020256036298817049,0.00032409658078107277,0.0010938259601361207,0.032693242586290715,0.019850915572840706,0.015313563441905688,0.005955274671852212,0.00020256036298817049,0.03317938745746232,0.07356992383730351,0.003403014098201264,0.005428617728082969,0.07417760492626803,0.019931939718035974,0.0067250040512072595,0.029978933722249232,0.006157835034840383,0.0005266569437692432,0.0014989466861124615,0.028601523253929673,0.0019445794846864365,0.0010533138875384864,0.2647058823529412,0.010573650947982498,0.016002268676065468,0.009115216334467671,0.0,0.0031194295900178253,0.0,0.004172743477556312,0.00012153621779290228,0.0006887052341597796,0.0,0.0033219899530059958,0.0019445794846864365,0.0,0.002025603629881705,0.0,0.0,0.0005671690163668773
"ADHD29",0.004833654318190401,0.004191684604055738,0.0015105169744345003,0.0,0.00011328877308258752,0.0005664438654129376,0.0,0.00011328877308258752,0.059740946338884486,0.025565499792303915,0.0,0.0,0.0016993315962388128,0.00018881462180431253,0.0,0.0018881462180431253,0.0007930214115781126,0.00022657754616517504,0.0027944564027038254,0.0,0.005400098183603338,0.000528680941052075,0.0,0.03315584758883728,0.22208375816623238,0.013292549375023601,0.018617121709905215,0.1961783920546807,0.02333748725501303,0.011970847022393415,0.0037762924360862505,0.058721347381141195,0.013405838148106189,0.014349911257127751,0.02696272799365583,0.00030210339488690005,0.00033986631924776253,0.10003398663192478,0.10596276575658019,0.006230882519542314,0.016464635021336053,0.0,0.00498470601563385,0.0,0.0,0.0,0.01310373475321929,0.00022657754616517504,0.00033986631924776253,0.004871417242551263,0.0004531550923303501,0.0,0.0,0.0006797326384955251,0.0
"ADHD11",0.047911774793551964,0.0035353402105374244,0.0022425665514603068,0.12225945175843601,0.0007914940769859905,0.0,0.0,0.00445874996702108,0.08015196686278131,0.0,0.03767511806453315,0.0,0.002875761813049099,0.028625702450993325,0.00036936390259346226,0.0022953328232593728,0.00021106508719626415,2.638313589953302e-05,0.01039495554441601,0.0011344748436799199,0.018916708439965173,0.006226420072289792,0.004168535472126217,0.001530221882172915,0.11204917816531673,0.0,0.006437485159486057,0.1890615518560536,0.026092921404638154,0.012057093106086589,0.016463076801308603,0.005039178956810807,0.0009761760282827217,0.011054533941904334,0.020235865234941825,0.07957153787299158,0.00139830620267525,0.056618209640397855,0.001556605018072448,0.017096272062897395,0.04427090203941641,0.0001582988153971981,0.004379600559322481,0.0,0.0019259689206659104,0.00036936390259346226,0.0025591641822547027,0.006859615333878585,0.005303010315806137,0.0023480990950584387,0.0,0.0003165976307943962,0.0,0.0,0.0
"ADHD2",0.0,0.0,0.0,0.0015246015246015245,0.000231000231000231,0.0007854007854007854,0.0072996072996072995,0.0,0.023977823977823977,0.0005082005082005083,0.0037884037884037885,0.0007392007392007392,0.001155001155001155,0.006468006468006468,0.0005544005544005544,0.0012474012474012475,0.0002772002772002772,0.0006468006468006468,0.06370986370986371,0.003696003696003696,0.016955416955416955,0.00522060522060522,0.0021714021714021713,0.032062832062832065,0.16821436821436822,0.004897204897204897,0.0389004389004389,0.09785169785169785,0.02296142296142296,0.0033264033264033266,0.011827211827211827,0.0058212058212058215,0.008085008085008085,0.009563409563409564,0.033772233772233776,0.0,0.0017556017556017555,0.19584199584199585,0.0747978747978748,0.007992607992607993,0.13153153153153152,0.0,0.005174405174405174,0.0,0.002725802725802726,0.0,0.0014784014784014784,0.0001386001386001386,0.0001386001386001386,0.0,0.0,0.0,0.0,0.0001848001848001848,0.0
"ADHD10",0.0,0.0,0.0,0.0,0.0,0.0008772784871819866,0.0,0.0012184423433083146,0.07264353250804172,0.0410615069694902,0.0,0.0,0.003167950092601618,0.01367092309191929,0.0009747538746466517,0.0023394092991519642,0.0015596061994346427,0.0,0.0005604834779218247,0.0,0.003557851642460279,0.007578711375377717,0.0044594989765084315,0.04096403158202554,0.17065503460376255,0.0,0.0021931962179549663,0.17808753289794327,0.014670045813432108,0.010819768008577833,2.4368846866166292e-05,0.007237547519251389,0.03877083536407057,0.014718783507164442,0.021127790232966175,0.0041427039672482695,0.0,0.020274880592650354,0.16444097865289015,0.006433375572667902,0.1106101959255288,0.0,0.005434252851155084,0.0,0.0008772784871819866,0.0004386392435909933,0.019811872502193194,0.00024368846866166293,0.0024368846866166293,0.010161809143191345,0.0005361146310556584,0.0012184423433083146,0.0,0.0,0.0
"ADHD1",0.0036797889328612095,0.007243861232613576,0.11814668240412877,0.01934782105579856,0.00043972320581360367,0.0,0.01918581776944618,0.0,0.033789256867782176,0.0049526718970584836,0.010298780346687032,0.004235228771783656,0.0011108796778448934,0.011594806637506075,0.0006942997986530584,0.0039112221990788955,0.0022449026823115554,0.0003471498993265292,0.0685042468004351,0.01018306371357819,0.007753014418292486,0.0015043162304149598,0.00011571663310884306,0.012890832928325118,0.09211043995463908,0.0009488763914925132,0.018908097849984956,0.054479390867643314,0.02071327732648291,0.0030086324608299196,0.005484968409359161,0.023606193154203984,0.010391353653174108,0.0022449026823115554,0.010831076858987711,0.0,0.0007405864518965957,0.2284246337568562,0.020782707306348215,0.010645930246013562,0.14006341271494366,0.0034252123400217546,0.0009720197181142818,0.0,0.0015968895369020343,0.0,0.004026938832187739,0.0003471498993265292,0.0,0.002869772501099308,0.0006248698187877526,0.00025457659283945473,0.0,0.0,0.00032400657270476057
